date,ticker,quantity,close_comp,close_ohlcv,spot
2019-09-20,ALUA,42.162978,22.7,22.7,41200.8
2019-09-20,APBR,19.56828,491.0,493.0,41200.8
2019-09-20,BBAR,10.726312,97.35,97.1,41200.8
2019-09-20,BMA,14.53874,163.15,163.2,41200.8
2019-09-20,BYMA,3.942242,222.0,2.22,41200.8
2019-09-20,CEPU,78.784841,22.05,22.1,41200.8
2019-09-20,COME,77.546461,1.73,1.73,41200.8
2019-09-20,CRES,15.698946,41.1,41.1,41200.8
2019-09-20,EDN,21.210622,26.2,26.5,41200.8
2019-09-20,GGAL,59.960931,81.55,81.75,41200.8
2019-09-20,PAMP,75.734838,44.05,43.9,41200.8
2019-09-20,SUPV,15.437015,40.05,40.5,41200.8
2019-09-20,TECO2,6.539619,136.95,136.95,41200.8
2019-09-20,TGNO4,4.599613,48.15,48.4,41200.8
2019-09-20,TGSU2,19.309281,117.0,117.0,41200.8
2019-09-20,TRAN,11.020493,23.75,23.8,41200.8
2019-09-20,TS,6.053309,738.0,738.0,41200.8
2019-09-20,TXAR,92.34767,15.4,15.5,41200.8
2019-09-20,VALO,44.213712,6.76,6.77,41200.8
2019-09-20,YPFD,7.244635,635.15,63.69,41200.8
2019-09-23,ALUA,42.162978,99.0,21.85,77080.92
2019-09-23,APBR,19.56828,200.0,488.0,77080.92
2019-09-23,BBAR,10.726312,275.0,95.95,77080.92
2019-09-23,BMA,14.53874,46.0,158.3,77080.92
2019-09-23,BYMA,3.942242,102.0,2.1825,77080.92
2019-09-23,CEPU,78.784841,93.0,20.7,77080.92
2019-09-23,COME,77.546461,7.0,1.66,77080.92
2019-09-23,CRES,15.698946,167.0,39.45,77080.92
2019-09-23,EDN,21.210622,111.0,24.65,77080.92
2019-09-23,GGAL,59.960931,266.0,80.0,77080.92
2019-09-23,PAMP,75.734838,190.0,43.2,77080.92
2019-09-23,SUPV,15.437015,166.0,38.2,77080.92
2019-09-23,TECO2,6.539619,35.0,133.5,77080.92
2019-09-23,TGNO4,4.599613,194.0,43.75,77080.92
2019-09-23,TGSU2,19.309281,23.0,114.2,77080.92
2019-09-23,TRAN,11.020493,108.0,23.1,77080.92
2019-09-23,TS,6.053309,244.0,722.0,77080.92
2019-09-23,TXAR,92.34767,40.0,15.1,77080.92
2019-09-23,VALO,44.213712,219.0,6.5,77080.92
2019-09-23,YPFD,7.244635,223.0,60.7,77080.92
2019-09-24,ALUA,42.162978,97.0,21.7,71795.88
2019-09-24,APBR,19.56828,199.0,473.0,71795.88
2019-09-24,BBAR,10.726312,271.0,90.5,71795.88
2019-09-24,BMA,14.53874,44.0,154.5,71795.88
2019-09-24,BYMA,3.942242,101.0,2.125,71795.88
2019-09-24,CEPU,78.784841,69.0,19.35,71795.88
2019-09-24,COME,77.546461,4.0,1.58,71795.88
2019-09-24,CRES,15.698946,158.0,37.5,71795.88
2019-09-24,EDN,21.210622,105.0,22.6,71795.88
2019-09-24,GGAL,59.960931,247.0,76.8,71795.88
2019-09-24,PAMP,75.734838,182.0,40.7,71795.88
2019-09-24,SUPV,15.437015,156.0,36.1,71795.88
2019-09-24,TECO2,6.539619,30.0,121.5,71795.88
2019-09-24,TGNO4,4.599613,183.0,40.9,71795.88
2019-09-24,TGSU2,19.309281,16.0,108.0,71795.88
2019-09-24,TRAN,11.020493,94.0,21.25,71795.88
2019-09-24,TS,6.053309,235.0,678.0,71795.88
2019-09-24,TXAR,92.34767,37.0,14.65,71795.88
2019-09-24,VALO,44.213712,218.0,6.13,71795.88
2019-09-24,YPFD,7.244635,214.0,58.5,71795.88
2019-09-25,ALUA,42.162978,98.0,21.85,72653.59
2019-09-25,APBR,19.56828,198.0,460.0,72653.59
2019-09-25,BBAR,10.726312,273.0,91.8,72653.59
2019-09-25,BMA,14.53874,45.0,158.0,72653.59
2019-09-25,BYMA,3.942242,106.0,2.2,72653.59
2019-09-25,CEPU,78.784841,69.0,19.25,72653.59
2019-09-25,COME,77.546461,6.0,1.6,72653.59
2019-09-25,CRES,15.698946,162.0,37.5,72653.59
2019-09-25,EDN,21.210622,104.0,22.4,72653.59
2019-09-25,GGAL,59.960931,252.0,78.8,72653.59
2019-09-25,PAMP,75.734838,185.0,41.1,72653.59
2019-09-25,SUPV,15.437015,157.0,36.8,72653.59
2019-09-25,TECO2,6.539619,32.0,125.1,72653.59
2019-09-25,TGNO4,4.599613,185.0,41.0,72653.59
2019-09-25,TGSU2,19.309281,22.0,110.4,72653.59
2019-09-25,TRAN,11.020493,96.0,21.4,72653.59
2019-09-25,TS,6.053309,231.0,677.5,72653.59
2019-09-25,TXAR,92.34767,37.0,14.6,72653.59
2019-09-25,VALO,44.213712,216.0,6.0,72653.59
2019-09-25,YPFD,7.244635,213.0,58.79,72653.59
2019-09-26,ALUA,42.162978,100.0,21.8,72522.3
2019-09-26,APBR,19.56828,197.0,460.5,72522.3
2019-09-26,BBAR,10.726312,272.0,90.9,72522.3
2019-09-26,BMA,14.53874,47.0,157.5,72522.3
2019-09-26,BYMA,3.942242,107.0,2.21,72522.3
2019-09-26,CEPU,78.784841,64.0,18.7,72522.3
2019-09-26,COME,77.546461,5.0,1.58,72522.3
2019-09-26,CRES,15.698946,159.0,37.2,72522.3
2019-09-26,EDN,21.210622,103.0,22.0,72522.3
2019-09-26,GGAL,59.960931,253.0,79.05,72522.3
2019-09-26,PAMP,75.734838,184.0,41.0,72522.3
2019-09-26,SUPV,15.437015,165.0,37.75,72522.3
2019-09-26,TECO2,6.539619,31.0,123.2,72522.3
2019-09-26,TGNO4,4.599613,187.0,41.7,72522.3
2019-09-26,TGSU2,19.309281,16.0,108.5,72522.3
2019-09-26,TRAN,11.020493,95.0,21.4,72522.3
2019-09-26,TS,6.053309,227.0,659.0,72522.3
2019-09-26,TXAR,92.34767,41.0,15.15,72522.3
2019-09-26,VALO,44.213712,216.0,6.03,72522.3
2019-09-26,YPFD,7.244635,212.0,58.075,72522.3
2019-09-27,ALUA,42.162978,97.0,21.6,74146.57
2019-09-27,APBR,19.56828,196.0,459.0,74146.57
2019-09-27,BBAR,10.726312,274.0,95.0,74146.57
2019-09-27,BMA,14.53874,51.0,163.0,74146.57
2019-09-27,BYMA,3.942242,107.0,2.2,74146.57
2019-09-27,CEPU,78.784841,63.0,18.55,74146.57
2019-09-27,COME,77.546461,6.0,1.61,74146.57
2019-09-27,CRES,15.698946,163.0,37.5,74146.57
2019-09-27,EDN,21.210622,104.0,22.5,74146.57
2019-09-27,GGAL,59.960931,267.0,82.0,74146.57
2019-09-27,PAMP,75.734838,190.0,42.4,74146.57
2019-09-27,SUPV,15.437015,168.0,40.0,74146.57
2019-09-27,TECO2,6.539619,29.0,121.0,74146.57
2019-09-27,TGNO4,4.599613,191.0,42.7,74146.57
2019-09-27,TGSU2,19.309281,17.0,109.5,74146.57
2019-09-27,TRAN,11.020493,97.0,21.6,74146.57
2019-09-27,TS,6.053309,229.0,662.0,74146.57
2019-09-27,TXAR,92.34767,42.0,15.3,74146.57
2019-09-27,VALO,44.213712,217.0,6.19,74146.57
2019-09-27,YPFD,7.244635,222.0,59.8,74146.57
2019-09-30,ALUA,61.063885,21.4,21.45,39073.41
2019-09-30,BBAR,15.534725,93.15,93.5,39073.41
2019-09-30,BMA,26.036217,165.95,166.0,39073.41
2019-09-30,BYMA,5.685271,223.0,2.23,39073.41
2019-09-30,CEPU,114.102676,18.9,18.95,39073.41
2019-09-30,COME,190.925484,1.61,1.6,39073.41
2019-09-30,CRES,23.051378,37.1,37.45,39073.41
2019-09-30,CVH,2.737311,174.0,176.5,39073.41
2019-09-30,EDN,30.603197,22.6,22.5,39073.41
2019-09-30,GGAL,86.840344,81.55,81.75,39073.41
2019-09-30,LOMA,8.761841,72.45,72.85,39073.41
2019-09-30,PAMP,104.627972,44.05,44.0,39073.41
2019-09-30,SUPV,22.357152,40.55,40.95,39073.41
2019-09-30,TECO2,7.375347,127.0,127.0,39073.41
2019-09-30,TGNO4,6.661534,45.35,45.5,39073.41
2019-09-30,TGSU2,21.126924,107.1,107.5,39073.41
2019-09-30,TRAN,15.960783,20.95,20.9,39073.41
2019-09-30,TXAR,133.745477,15.7,15.8,39073.41
2019-09-30,VALO,63.766175,6.38,6.4,39073.41
2019-09-30,YPFD,11.257409,592.45,59.4,39073.41
2019-10-01,ALUA,61.063885,22.25,22.25,40413.94
2019-10-01,BBAR,15.534725,95.6,95.5,40413.94
2019-10-01,BMA,26.036217,171.85,172.4,40413.94
2019-10-01,BYMA,5.685271,224.0,2.23,40413.94
2019-10-01,CEPU,114.102676,19.2,19.15,40413.94
2019-10-01,COME,190.925484,1.6,1.6,40413.94
2019-10-01,CRES,23.051378,38.0,38.0,40413.94
2019-10-01,CVH,2.737311,179.75,179.5,40413.94
2019-10-01,EDN,30.603197,22.7,22.7,40413.94
2019-10-01,GGAL,86.840344,84.25,84.3,40413.94
2019-10-01,LOMA,8.761841,76.0,76.0,40413.94
2019-10-01,PAMP,104.627972,46.15,45.9,40413.94
2019-10-01,SUPV,22.357152,41.45,40.9,40413.94
2019-10-01,TECO2,7.375347,131.6,131.75,40413.94
2019-10-01,TGNO4,6.661534,49.05,49.3,40413.94
2019-10-01,TGSU2,21.126924,111.45,112.0,40413.94
2019-10-01,TRAN,15.960783,21.6,21.8,40413.94
2019-10-01,TXAR,133.745477,15.9,16.1,40413.94
2019-10-01,VALO,63.766175,6.52,6.5,40413.94
2019-10-01,YPFD,11.257409,620.65,62.1,40413.94
2019-10-02,ALUA,61.063885,22.7,22.7,41388.15
2019-10-02,BBAR,15.534725,97.0,97.0,41388.15
2019-10-02,BMA,26.036217,177.0,176.0,41388.15
2019-10-02,BYMA,5.685271,226.5,2.26,41388.15
2019-10-02,CEPU,114.102676,19.65,19.7,41388.15
2019-10-02,COME,190.925484,1.58,1.6,41388.15
2019-10-02,CRES,23.051378,38.9,38.9,41388.15
2019-10-02,CVH,2.737311,181.0,181.0,41388.15
2019-10-02,EDN,30.603197,23.0,23.1,41388.15
2019-10-02,GGAL,86.840344,87.35,87.4,41388.15
2019-10-02,LOMA,8.761841,76.15,76.15,41388.15
2019-10-02,PAMP,104.627972,47.1,47.2,41388.15
2019-10-02,SUPV,22.357152,41.7,41.6,41388.15
2019-10-02,TECO2,7.375347,137.0,135.65,41388.15
2019-10-02,TGNO4,6.661534,53.1,53.2,41388.15
2019-10-02,TGSU2,21.126924,113.9,114.0,41388.15
2019-10-02,TRAN,15.960783,21.95,21.9,41388.15
2019-10-02,TXAR,133.745477,15.95,16.0,41388.15
2019-10-02,VALO,63.766175,6.64,6.64,41388.15
2019-10-02,YPFD,11.257409,636.8,63.95,41388.15
2019-10-03,ALUA,61.063885,22.7,22.7,40712.24
2019-10-03,BBAR,15.534725,95.2,95.2,40712.24
2019-10-03,BMA,26.036217,168.8,168.95,40712.24
2019-10-03,BYMA,5.685271,220.5,2.22,40712.24
2019-10-03,CEPU,114.102676,19.4,19.6,40712.24
2019-10-03,COME,190.925484,1.58,1.58,40712.24
2019-10-03,CRES,23.051378,37.2,37.1,40712.24
2019-10-03,CVH,2.737311,182.25,182.5,40712.24
2019-10-03,EDN,30.603197,22.7,22.7,40712.24
2019-10-03,GGAL,86.840344,85.55,85.55,40712.24
2019-10-03,LOMA,8.761841,79.05,79.05,40712.24
2019-10-03,PAMP,104.627972,47.0,46.95,40712.24
2019-10-03,SUPV,22.357152,40.1,40.3,40712.24
2019-10-03,TECO2,7.375347,135.2,134.65,40712.24
2019-10-03,TGNO4,6.661534,53.3,53.4,40712.24
2019-10-03,TGSU2,21.126924,111.45,111.45,40712.24
2019-10-03,TRAN,15.960783,21.95,21.95,40712.24
2019-10-03,TXAR,133.745477,16.75,16.75,40712.24
2019-10-03,VALO,63.766175,6.42,6.5,40712.24
2019-10-03,YPFD,11.257409,620.9,61.96,40712.24
