date,open,high,low,close,volume,ticker
2018-01-02,3.65,3.9,3.65,3.9,14593.0,MORI
2018-01-03,3.85,3.85,3.7,3.75,11619.0,MORI
2018-01-04,3.81,3.9,3.75,3.75,33263.0,MORI
2018-01-05,3.85,4.1,3.85,3.85,38664.0,MORI
2018-01-08,4.0,4.0,3.7,3.9,52736.0,MORI
2018-01-09,4.09,4.09,3.7,3.85,77653.0,MORI
2018-01-10,3.71,3.74,3.6,3.6,80074.0,MORI
2018-01-11,3.7,3.75,3.65,3.65,48800.0,MORI
2018-01-12,3.7,3.82,3.67,3.79,34377.0,MORI
2018-01-15,3.8,3.8,3.63,3.79,29980.0,MORI
2018-01-16,3.8,3.9,3.72,3.75,41598.0,MORI
2018-01-17,3.79,3.8,3.6,3.61,146546.0,MORI
2018-01-18,3.62,3.92,3.61,3.82,154524.0,MORI
2018-01-19,3.89,4.0,3.82,3.86,65026.0,MORI
2018-01-22,3.86,3.88,3.7,3.7,71305.0,MORI
2018-01-23,3.79,4.3,3.79,4.25,88995.0,MORI
2018-01-24,4.45,4.99,4.35,4.98,267847.0,MORI
2018-01-25,4.98,5.2,4.78,5.05,236572.0,MORI
2018-01-26,5.05,5.8,5.05,5.8,338775.0,MORI
2018-01-29,5.7,6.1,5.65,5.85,230736.0,MORI
2018-01-30,5.85,5.85,5.1,5.3,124311.0,MORI
2018-01-31,5.3,5.51,5.2,5.3,60700.0,MORI
2018-02-01,5.3,5.3,5.0,5.17,93059.0,MORI
2018-02-02,5.1,5.1,4.65,4.74,67183.0,MORI
2018-02-05,4.7,4.7,4.4,4.42,57731.0,MORI
2018-02-06,4.42,4.42,4.3,4.4,20536.0,MORI
2018-02-07,4.38,4.65,4.38,4.65,23276.0,MORI
2018-02-08,4.65,4.7,4.45,4.45,3908.0,MORI
2018-02-09,4.5,4.5,4.2,4.3,20700.0,MORI
2018-02-14,4.5,4.6,4.4,4.4,8120.0,MORI
2018-02-15,4.4,4.4,4.3,4.45,3325.0,MORI
2018-02-16,4.5,4.5,4.2,4.48,20390.0,MORI
2018-02-19,4.46,4.46,4.4,4.4,3712.0,MORI
2018-02-20,4.45,4.45,4.15,4.2,60102.0,MORI
2018-02-21,4.25,4.45,4.25,4.45,2250.0,MORI
2018-02-22,4.45,4.6,4.25,4.47,8699.0,MORI
2018-02-23,4.39,4.39,4.2,4.26,13072.0,MORI
2018-02-26,4.21,4.3,4.2,4.22,12384.0,MORI
2018-02-27,4.2,4.2,4.0,4.0,21860.0,MORI
2018-02-28,4.0,4.0,3.75,4.0,19689.0,MORI
2018-03-01,4.01,4.35,4.01,4.1,52340.0,MORI
2018-03-02,4.25,4.35,4.05,4.15,13744.0,MORI
2018-03-05,4.2,4.4,4.2,4.3,40752.0,MORI
2018-03-06,4.4,4.45,4.35,4.45,17560.0,MORI
2018-03-08,4.11,4.45,4.1,4.45,1050.0,MORI
2018-03-09,4.45,4.45,4.28,4.4,20270.0,MORI
2018-03-13,4.49,4.49,4.3,4.3,1170.0,MORI
2018-03-14,4.29,4.3,4.29,4.3,3000.0,MORI
2018-03-15,4.3,4.3,4.3,4.3,1000.0,MORI
2018-03-16,4.25,4.3,4.25,4.3,700.0,MORI
2018-03-20,4.1,4.1,4.0,4.0,6900.0,MORI
2018-03-21,4.2,4.25,4.1,4.25,22300.0,MORI
2018-03-22,4.3,4.45,4.3,4.45,7700.0,MORI
2018-03-23,4.45,4.45,4.45,4.45,56.0,MORI
2018-03-26,4.45,4.45,4.45,4.45,1973.0,MORI
2018-03-27,4.23,4.4,4.23,4.4,26292.0,MORI
2018-03-28,4.4,4.4,4.4,4.4,1000.0,MORI
2018-04-03,4.35,4.4,4.35,4.4,4568.0,MORI
2018-04-04,4.4,4.4,4.4,4.4,1500.0,MORI
2018-04-06,4.18,4.4,4.18,4.2,10300.0,MORI
2018-04-09,4.19,4.2,4.0,4.2,40271.0,MORI
2018-04-10,4.1,4.4,4.0,4.4,20400.0,MORI
2018-04-11,4.3,4.4,4.3,4.4,11000.0,MORI
2018-04-12,4.25,4.4,4.2,4.4,165000.0,MORI
2018-04-13,4.35,4.5,4.25,4.5,25828.0,MORI
2018-04-16,4.48,4.5,4.35,4.45,10760.0,MORI
2018-04-17,4.4,4.45,4.35,4.45,6608.0,MORI
2018-04-18,4.4,4.5,4.4,4.5,16480.0,MORI
2018-04-19,4.35,4.42,4.32,4.4,30165.0,MORI
2018-04-20,4.3,4.35,4.3,4.35,2920.0,MORI
2018-04-23,4.3,4.35,4.3,4.35,1401.0,MORI
2018-04-24,4.3,4.35,4.3,4.35,28179.0,MORI
2018-04-25,4.2,4.3,4.1,4.3,31002.0,MORI
2018-04-26,4.1,4.3,4.1,4.3,31989.0,MORI
2018-04-27,4.3,4.3,4.3,4.3,400.0,MORI
2018-05-02,4.1,4.15,4.1,4.1,6611.0,MORI
2018-05-03,4.1,4.1,4.0,4.0,19013.0,MORI
2018-05-04,4.05,4.1,3.9,3.9,16200.0,MORI
2018-05-07,3.8,3.9,3.8,3.8,6550.0,MORI
2018-05-08,3.5,3.8,3.5,3.8,9903.0,MORI
2018-05-09,3.8,3.8,3.8,3.8,21000.0,MORI
2018-05-10,3.9,3.99,3.9,3.99,7550.0,MORI
2018-05-11,4.05,4.05,3.99,3.99,2806.0,MORI
2018-05-14,3.95,3.99,3.9,3.9,6300.0,MORI
2018-05-15,3.81,4.1,3.81,4.1,17777.0,MORI
2018-05-16,4.0,4.1,3.9,4.05,3065.0,MORI
2018-05-17,4.15,4.15,4.15,4.15,703.0,MORI
2018-05-18,3.96,4.25,3.96,4.2,49896.0,MORI
2018-05-21,4.2,4.2,4.2,4.2,2000.0,MORI
2018-05-24,4.3,4.35,4.05,4.1,17363.0,MORI
2018-05-29,4.0,4.0,4.0,4.0,750.0,MORI
2018-05-30,4.1,4.1,4.05,4.05,800.0,MORI
2018-05-31,4.03,4.03,4.03,4.03,300.0,MORI
2018-06-01,4.15,4.15,4.15,4.15,1000.0,MORI
2018-06-04,4.0,4.1,4.0,4.1,930.0,MORI
2018-06-05,4.0,4.0,4.0,4.0,8500.0,MORI
2018-06-06,4.0,4.1,4.0,4.0,22000.0,MORI
2018-06-07,4.0,4.1,3.9,4.1,4290.0,MORI
2018-06-08,4.1,4.2,4.1,4.2,21997.0,MORI
2018-06-11,3.8,3.8,3.8,3.8,383.0,MORI
2018-06-12,3.81,4.0,3.8,3.95,12125.0,MORI
2018-06-13,3.8,3.8,3.8,3.8,4225.0,MORI
2018-06-14,3.8,4.0,3.8,4.0,6151.0,MORI
2018-06-15,4.0,4.0,3.8,4.0,9285.0,MORI
2018-06-18,3.9,4.0,3.75,3.9,2904.0,MORI
2018-06-19,3.85,4.0,3.85,4.0,22550.0,MORI
2018-06-21,4.0,4.2,4.0,4.2,3785.0,MORI
2018-06-22,4.0,4.15,4.0,4.15,1750.0,MORI
2018-06-28,4.15,4.18,4.15,4.18,478.0,MORI
2018-06-29,4.2,4.2,4.2,4.2,625.0,MORI
2018-07-02,4.2,4.2,4.0,4.0,1801.0,MORI
2018-07-03,4.0,4.1,3.75,3.8,18002.0,MORI
2018-07-04,3.8,3.8,3.5,3.79,20838.0,MORI
2018-07-05,3.9,3.9,3.9,3.9,230.0,MORI
2018-07-10,3.9,3.9,3.85,3.85,3500.0,MORI
2018-07-12,3.5,3.5,3.5,3.5,795.0,MORI
2018-07-13,3.51,3.51,3.4,3.4,22981.0,MORI
2018-07-16,3.39,3.5,3.39,3.5,23300.0,MORI
2018-07-17,3.5,3.7,3.5,3.7,10000.0,MORI
2018-07-18,3.7,3.7,3.7,3.7,2162.0,MORI
2018-07-23,3.8,3.9,3.8,3.9,23300.0,MORI
2018-07-24,3.9,3.9,3.89,3.89,1765.0,MORI
2018-07-25,3.9,3.9,3.9,3.9,7000.0,MORI
2018-07-26,3.9,3.95,3.9,3.9,25892.0,MORI
2018-07-27,3.95,3.95,3.9,3.9,5800.0,MORI
2018-07-30,3.9,3.9,3.9,3.9,1000.0,MORI
2018-07-31,3.74,3.9,3.6,3.9,19653.0,MORI
2018-08-01,2.2,2.8,2.2,2.7,357159.0,MORI
2018-08-02,2.6,2.65,2.2,2.25,582117.0,MORI
2018-08-03,2.3,2.45,2.0,2.04,682931.0,MORI
2018-08-06,2.03,2.03,1.84,1.94,344237.0,MORI
2018-08-07,1.98,1.98,1.87,1.87,80025.0,MORI
2018-08-08,1.9,1.94,1.85,1.85,38500.0,MORI
2018-08-09,1.9,1.95,1.89,1.89,67447.0,MORI
2018-08-10,1.89,1.89,1.88,1.88,24578.0,MORI
2018-08-13,1.88,1.88,1.65,1.75,56269.0,MORI
2018-08-14,1.7,1.8,1.7,1.75,126644.0,MORI
2018-08-15,1.75,1.8,1.74,1.75,39575.0,MORI
2018-08-16,1.75,1.75,1.61,1.7,74585.0,MORI
2018-08-17,1.69,1.85,1.69,1.85,71691.0,MORI
2018-08-21,1.92,2.1,1.9,2.0,482676.0,MORI
2018-08-22,2.1,2.25,2.01,2.13,1069057.0,MORI
2018-08-23,2.15,2.15,1.95,2.0,240406.0,MORI
2018-08-24,2.05,2.05,1.82,1.85,289124.0,MORI
2018-08-27,1.94,2.05,1.89,2.0,473920.0,MORI
2018-08-28,2.02,2.02,1.82,1.91,167729.0,MORI
2018-08-29,1.97,1.97,1.85,1.9,213173.0,MORI
2018-08-30,1.85,1.98,1.85,1.98,84692.0,MORI
2018-08-31,2.12,2.2,2.1,2.18,476665.0,MORI
2018-09-03,2.2,2.2,1.9,2.2,350392.0,MORI
2018-09-04,2.0,2.21,2.0,2.21,127941.0,MORI
2018-09-05,2.3,2.3,2.15,2.25,164200.0,MORI
2018-09-06,2.15,2.35,2.15,2.29,84339.0,MORI
2018-09-07,2.3,2.31,2.2,2.27,163366.0,MORI
2018-09-10,2.3,2.35,2.2,2.28,48832.0,MORI
2018-09-11,2.28,2.28,2.16,2.25,15713.0,MORI
2018-09-12,2.27,2.29,2.18,2.24,82801.0,MORI
2018-09-13,2.19,2.29,2.11,2.21,361826.0,MORI
2018-09-14,2.13,2.2,2.06,2.15,292282.0,MORI
2018-09-17,2.25,2.25,2.1,2.2,41253.0,MORI
2018-09-18,2.11,2.22,2.1,2.2,70508.0,MORI
2018-09-19,2.2,2.41,2.18,2.35,294096.0,MORI
2018-09-20,2.45,2.45,2.28,2.38,150981.0,MORI
2018-09-21,2.4,2.4,2.3,2.35,133956.0,MORI
2018-09-24,2.32,2.33,2.25,2.25,63536.0,MORI
2018-09-25,2.25,2.27,2.17,2.25,135325.0,MORI
2018-09-26,2.27,2.3,2.23,2.26,161604.0,MORI
2018-09-27,2.37,2.37,2.22,2.26,261540.0,MORI
2018-09-28,2.27,2.4,2.22,2.25,114870.0,MORI
2018-10-01,2.36,2.36,2.27,2.28,238912.0,MORI
2018-10-02,2.28,2.29,2.27,2.27,58988.0,MORI
2018-10-03,2.32,2.32,2.15,2.25,130497.0,MORI
2018-10-04,2.3,2.3,2.06,2.08,545180.0,MORI
2018-10-05,2.12,2.12,2.05,2.11,226068.0,MORI
2018-10-08,2.2,2.2,2.18,2.2,34894.0,MORI
2018-10-09,2.25,2.25,2.0,2.1,88834.0,MORI
2018-10-10,2.1,2.12,2.04,2.04,190181.0,MORI
2018-10-11,2.02,2.1,1.99,1.99,135713.0,MORI
2018-10-12,1.92,2.14,1.92,2.1,649424.0,MORI
2018-10-16,2.1,2.1,1.96,2.0,137582.0,MORI
2018-10-17,2.05,2.05,1.9,1.99,141906.0,MORI
2018-10-18,2.05,2.05,1.9,1.94,120478.0,MORI
2018-10-19,2.0,2.0,1.95,1.97,43174.0,MORI
2018-10-22,1.97,2.0,1.97,1.99,160874.0,MORI
2018-10-23,1.95,2.0,1.9,1.95,47370.0,MORI
2018-10-24,1.96,2.05,1.95,1.95,20635.0,MORI
2018-10-25,2.0,2.05,2.0,2.04,37710.0,MORI
2018-10-26,2.05,2.1,2.0,2.04,40872.0,MORI
2018-10-29,2.0,2.05,2.0,2.05,4900.0,MORI
2018-10-30,1.95,2.02,1.95,2.02,39722.0,MORI
2018-10-31,2.0,2.02,1.93,1.99,174526.0,MORI
2018-11-01,2.0,2.02,1.98,2.02,62307.0,MORI
2018-11-02,2.02,2.25,2.02,2.14,394614.0,MORI
2018-11-05,2.14,2.25,2.14,2.18,177246.0,MORI
2018-11-06,2.16,2.25,2.15,2.18,37291.0,MORI
2018-11-07,2.19,2.2,2.15,2.2,82327.0,MORI
2018-11-08,2.25,2.28,2.14,2.16,55719.0,MORI
2018-11-09,2.08,2.19,2.07,2.19,30382.0,MORI
2018-11-12,2.2,2.25,2.08,2.15,47219.0,MORI
2018-11-13,2.1,2.1,2.1,2.1,15000.0,MORI
2018-11-14,2.09,2.1,2.05,2.1,35450.0,MORI
2018-11-15,2.1,2.1,2.05,2.06,31503.0,MORI
2018-11-16,2.05,2.05,2.0,2.05,64600.0,MORI
2018-11-20,2.04,2.04,2.0,2.0,13458.0,MORI
2018-11-21,1.9,2.0,1.9,2.0,89648.0,MORI
2018-11-22,2.0,2.0,1.95,2.0,11300.0,MORI
2018-11-23,2.0,2.05,2.0,2.0,64675.0,MORI
2018-11-26,1.97,2.04,1.95,2.04,43909.0,MORI
2018-11-27,2.04,2.04,1.97,2.0,19250.0,MORI
2018-11-28,2.02,2.02,1.95,1.95,37647.0,MORI
2018-11-29,1.93,1.95,1.9,1.95,96460.0,MORI
2018-12-03,1.95,2.0,1.95,1.96,18314.0,MORI
2018-12-04,2.0,2.0,1.95,1.95,12085.0,MORI
2018-12-05,1.95,2.0,1.91,2.0,57925.0,MORI
2018-12-06,1.95,2.06,1.95,2.0,211907.0,MORI
2018-12-07,1.98,2.0,1.96,1.97,50040.0,MORI
2018-12-10,2.0,2.0,2.0,2.0,300.0,MORI
2018-12-11,1.95,1.96,1.92,1.92,13460.0,MORI
2018-12-12,1.92,1.95,1.92,1.95,37486.0,MORI
2018-12-13,1.98,1.98,1.92,1.92,45712.0,MORI
2018-12-14,1.92,1.94,1.91,1.93,19276.0,MORI
2018-12-17,1.93,1.93,1.86,1.9,29640.0,MORI
2018-12-18,1.95,1.98,1.9,1.9,38674.0,MORI
2018-12-19,1.92,1.92,1.82,1.89,44515.0,MORI
2018-12-20,1.9,1.93,1.75,1.82,110955.0,MORI
2018-12-21,1.81,1.82,1.73,1.79,47407.0,MORI
2018-12-26,1.8,1.8,1.7,1.8,39454.0,MORI
2018-12-27,1.74,1.86,1.74,1.82,74788.0,MORI
2018-12-28,1.82,1.95,1.81,1.87,104233.0,MORI
2019-01-02,1.87,1.9,1.85,1.9,118284.0,MORI
2019-01-03,1.85,1.89,1.82,1.87,117356.0,MORI
2019-01-04,1.9,1.93,1.86,1.92,48019.0,MORI
2019-01-07,1.92,2.0,1.9,1.92,144411.0,MORI
2019-01-08,1.89,1.95,1.88,1.9,41892.0,MORI
2019-01-09,1.93,1.99,1.92,1.92,91036.0,MORI
2019-01-10,1.92,1.92,1.81,1.9,12709.0,MORI
2019-01-11,1.95,1.95,1.77,1.85,160114.0,MORI
2019-01-14,1.9,1.9,1.8,1.83,100218.0,MORI
2019-01-15,1.75,1.88,1.75,1.85,89112.0,MORI
2019-01-16,1.88,1.88,1.84,1.84,89162.0,MORI
2019-01-17,1.86,1.86,1.78,1.85,243420.0,MORI
2019-01-18,1.85,1.89,1.83,1.85,194827.0,MORI
2019-01-21,1.85,1.88,1.81,1.87,120441.0,MORI
2019-01-22,1.83,1.9,1.83,1.88,27354.0,MORI
2019-01-23,1.85,1.86,1.82,1.85,105165.0,MORI
2019-01-24,1.9,1.9,1.82,1.84,49945.0,MORI
2019-01-25,1.85,1.89,1.83,1.89,110895.0,MORI
2019-01-28,1.81,1.86,1.81,1.86,8850.0,MORI
2019-01-29,1.86,1.86,1.81,1.86,129032.0,MORI
2019-01-30,1.9,1.9,1.83,1.89,34078.0,MORI
2019-01-31,1.85,1.95,1.84,1.9,119902.0,MORI
2019-02-01,1.94,1.94,1.86,1.9,124973.0,MORI
2019-02-04,1.9,1.99,1.88,1.99,233404.0,MORI
2019-02-05,2.05,2.05,1.96,1.96,67417.0,MORI
2019-02-06,1.92,1.98,1.91,1.98,31344.0,MORI
2019-02-07,1.9,2.02,1.86,1.98,141901.0,MORI
2019-02-08,2.0,2.0,1.97,1.97,4740.0,MORI
2019-02-11,1.9,2.0,1.9,1.93,35620.0,MORI
2019-02-12,1.95,1.99,1.93,1.97,65843.0,MORI
2019-02-13,1.97,2.0,1.9,1.98,3726.0,MORI
2019-02-14,2.02,2.02,1.91,1.99,23530.0,MORI
2019-02-15,1.96,1.96,1.94,1.94,9295.0,MORI
2019-02-18,1.94,1.97,1.9,1.95,111249.0,MORI
2019-02-19,1.95,1.95,1.9,1.9,36945.0,MORI
2019-02-20,1.9,1.9,1.87,1.9,147098.0,MORI
2019-02-21,1.9,1.9,1.9,1.9,3494.0,MORI
2019-02-22,1.9,1.9,1.84,1.9,112319.0,MORI
2019-02-25,1.91,1.91,1.87,1.89,83206.0,MORI
2019-02-26,1.87,1.87,1.83,1.87,80047.0,MORI
2019-02-27,1.86,1.86,1.86,1.86,6913.0,MORI
2019-02-28,1.82,1.84,1.8,1.84,50563.0,MORI
2019-03-01,1.83,1.83,1.78,1.82,50435.0,MORI
2019-03-06,1.75,1.8,1.75,1.77,43724.0,MORI
2019-03-07,1.8,1.8,1.73,1.77,124551.0,MORI
2019-03-08,1.77,1.8,1.77,1.8,86705.0,MORI
2019-03-11,1.85,1.85,1.77,1.8,55843.0,MORI
2019-03-12,1.85,1.85,1.75,1.85,192291.0,MORI
2019-03-13,1.89,1.9,1.85,1.9,94791.0,MORI
2019-03-14,1.92,1.93,1.87,1.87,88048.0,MORI
2019-03-15,1.87,1.93,1.85,1.93,105827.0,MORI
2019-03-18,1.93,2.0,1.9,1.95,347283.0,MORI
2019-03-19,1.99,2.0,1.93,1.95,161737.0,MORI
2019-03-20,1.9,1.98,1.9,1.98,45827.0,MORI
2019-03-21,1.9,1.94,1.9,1.9,15970.0,MORI
2019-03-22,1.88,1.89,1.85,1.85,70548.0,MORI
2019-03-25,1.85,1.85,1.78,1.82,98148.0,MORI
2019-03-26,1.85,1.85,1.7,1.73,125276.0,MORI
2019-03-27,1.7,1.7,1.68,1.69,133280.0,MORI
2019-03-28,1.75,1.79,1.7,1.74,97974.0,MORI
2019-03-29,1.75,1.79,1.72,1.75,49433.0,MORI
2019-04-01,1.75,1.81,1.7,1.77,115088.0,MORI
2019-04-03,1.72,1.72,1.68,1.68,49000.0,MORI
2019-04-04,1.7,1.7,1.63,1.68,104801.0,MORI
2019-04-05,1.7,1.7,1.68,1.68,9410.0,MORI
2019-04-08,1.67,1.7,1.67,1.7,53623.0,MORI
2019-04-09,1.7,1.7,1.63,1.7,163205.0,MORI
2019-04-10,1.7,1.75,1.69,1.73,93574.0,MORI
2019-04-11,1.73,1.73,1.65,1.72,140847.0,MORI
2019-04-12,1.75,1.78,1.7,1.72,177807.0,MORI
2019-04-15,1.7,1.77,1.65,1.77,82025.0,MORI
2019-04-16,1.78,1.78,1.72,1.78,51717.0,MORI
2019-04-17,1.77,1.85,1.73,1.73,127298.0,MORI
2019-04-22,1.73,1.73,1.69,1.69,33270.0,MORI
2019-04-23,1.68,1.75,1.66,1.7,56212.0,MORI
2019-04-24,1.67,1.7,1.63,1.68,118283.0,MORI
2019-04-25,1.68,1.74,1.6,1.7,199200.0,MORI
2019-04-26,1.7,1.75,1.7,1.72,274801.0,MORI
2019-04-29,1.75,1.75,1.68,1.7,99017.0,MORI
2019-04-30,1.7,1.73,1.7,1.71,28557.0,MORI
2019-05-02,1.72,1.8,1.72,1.76,123177.0,MORI
2019-05-03,1.84,1.84,1.75,1.79,152450.0,MORI
2019-05-06,1.85,1.85,1.75,1.8,87878.0,MORI
2019-05-07,1.8,1.85,1.77,1.84,109818.0,MORI
2019-05-08,1.84,1.98,1.84,1.95,502573.0,MORI
2019-05-09,1.98,2.18,1.95,2.18,1017043.0,MORI
2019-05-10,2.22,2.31,2.13,2.2,746323.0,MORI
2019-05-13,2.17,2.35,2.17,2.31,394578.0,MORI
2019-05-14,2.4,2.4,2.25,2.34,158432.0,MORI
2019-05-15,2.34,2.38,2.24,2.26,65933.0,MORI
2019-05-16,2.25,2.35,2.25,2.34,275008.0,MORI
2019-05-17,2.45,2.6,2.45,2.6,589341.0,MORI
2019-05-20,2.58,2.9,2.5,2.81,680527.0,MORI
2019-05-21,2.84,3.03,2.82,2.95,864001.0,MORI
2019-05-22,3.06,3.27,3.03,3.21,1010082.0,MORI
2019-05-23,3.25,3.5,3.16,3.47,1744041.0,MORI
2019-05-24,3.55,3.75,2.8,3.14,1905450.0,MORI
2019-05-27,3.29,3.45,2.92,3.0,393609.0,MORI
2019-05-28,3.1,3.12,2.75,2.8,492278.0,MORI
2019-05-29,2.8,2.8,2.6,2.68,933892.0,MORI
2019-05-30,2.7,2.79,2.6,2.65,287034.0,MORI
2019-05-31,2.65,2.65,2.54,2.58,289796.0,MORI
2019-06-03,2.65,2.74,2.6,2.67,172033.0,MORI
2019-06-04,2.8,3.25,2.7,3.1,2858982.0,MORI
2019-06-05,3.16,3.3,2.9,2.93,784585.0,MORI
2019-06-06,2.93,3.05,2.9,3.0,256083.0,MORI
2019-06-07,3.0,3.02,2.9,2.95,220275.0,MORI
2019-06-10,2.96,2.99,2.84,2.9,200487.0,MORI
2019-06-11,2.95,3.0,2.8,3.0,614393.0,MORI
2019-06-12,3.05,3.2,2.85,2.85,623551.0,MORI
2019-06-13,2.9,2.93,2.8,2.8,121664.0,MORI
2019-06-14,2.76,2.78,2.6,2.72,331240.0,MORI
2019-06-18,2.73,2.85,2.73,2.78,147507.0,MORI
2019-06-19,2.84,2.84,2.7,2.78,54000.0,MORI
2019-06-21,2.85,2.85,2.75,2.82,256934.0,MORI
2019-06-24,2.75,2.85,2.75,2.76,115399.0,MORI
2019-06-25,2.76,2.79,2.73,2.76,80009.0,MORI
2019-06-26,2.76,2.78,2.7,2.7,99129.0,MORI
2019-06-27,2.7,2.83,2.7,2.83,224642.0,MORI
2019-06-28,2.91,3.47,2.9,3.08,917592.0,MORI
2019-07-01,3.22,3.43,3.12,3.23,806387.0,MORI
2019-07-02,3.25,3.39,3.23,3.3,845020.0,MORI
2019-07-03,3.4,3.41,3.23,3.3,130725.0,MORI
2019-07-04,3.4,3.4,3.25,3.25,114316.0,MORI
2019-07-05,3.25,3.3,3.1,3.23,116736.0,MORI
2019-07-10,3.28,3.3,3.12,3.22,209615.0,MORI
2019-07-11,3.3,3.3,3.17,3.2,101778.0,MORI
2019-07-12,3.15,3.28,3.12,3.2,151049.0,MORI
2019-07-15,3.2,3.2,3.1,3.1,90975.0,MORI
2019-07-16,3.1,3.3,3.09,3.1,130908.0,MORI
2019-07-17,3.15,3.2,3.1,3.14,56741.0,MORI
2019-07-18,3.2,3.2,3.08,3.14,559495.0,MORI
2019-07-19,3.2,3.2,3.05,3.09,46107.0,MORI
2019-07-22,3.01,3.14,3.01,3.09,48490.0,MORI
2019-07-23,3.09,3.15,3.0,3.12,45418.0,MORI
2019-07-24,3.0,3.15,3.0,3.07,118067.0,MORI
2019-07-25,3.15,3.2,3.09,3.12,99120.0,MORI
2019-07-26,3.05,3.2,3.05,3.1,274507.0,MORI
2019-07-29,3.1,3.2,3.05,3.09,121614.0,MORI
2019-07-30,3.1,3.15,3.1,3.15,105043.0,MORI
2019-07-31,3.15,3.4,3.15,3.34,223950.0,MORI
2019-08-01,3.36,3.45,3.25,3.35,285059.0,MORI
2019-08-02,3.35,3.49,3.35,3.49,688926.0,MORI
2019-08-05,3.49,3.52,3.32,3.52,791687.0,MORI
2019-08-06,3.6,3.76,3.55,3.57,378360.0,MORI
2019-08-07,3.61,3.65,3.52,3.57,292306.0,MORI
2019-08-08,3.6,3.62,3.4,3.45,96404.0,MORI
2019-08-09,3.52,3.52,3.3,3.37,299886.0,MORI
2019-08-12,3.15,3.15,2.4,2.6,259725.0,MORI
2019-08-13,2.4,2.8,2.4,2.69,578824.0,MORI
2019-08-14,2.8,2.8,2.5,2.55,365823.0,MORI
2019-08-15,2.6,2.84,2.6,2.83,288808.0,MORI
2019-08-16,2.95,3.35,2.95,3.16,237089.0,MORI
2019-08-20,3.35,3.4,2.71,3.0,103011.0,MORI
2019-08-21,3.0,3.1,3.0,3.01,122742.0,MORI
2019-08-22,3.01,3.1,2.88,3.0,50577.0,MORI
2019-08-23,3.05,3.05,2.85,2.9,37037.0,MORI
2019-08-26,2.85,2.85,2.65,2.76,67798.0,MORI
2019-08-27,2.63,2.63,2.41,2.54,209481.0,MORI
2019-08-28,2.6,2.6,2.4,2.4,83062.0,MORI
2019-08-29,2.4,2.4,2.2,2.3,147201.0,MORI
2019-08-30,2.23,2.4,2.23,2.25,174210.0,MORI
2019-09-02,2.3,2.38,2.25,2.36,197901.0,MORI
2019-09-03,2.4,2.42,2.2,2.25,152036.0,MORI
2019-09-04,2.35,2.35,2.26,2.3,62469.0,MORI
2019-09-05,2.35,2.61,2.35,2.53,93835.0,MORI
2019-09-06,2.6,2.7,2.5,2.7,219468.0,MORI
2019-09-09,2.8,2.85,2.65,2.8,127131.0,MORI
2019-09-10,2.8,2.93,2.8,2.9,81934.0,MORI
2019-09-11,2.9,3.0,2.85,2.99,135821.0,MORI
2019-09-12,2.9,3.1,2.9,3.1,58692.0,MORI
2019-09-16,3.18,3.18,3.0,3.05,98532.0,MORI
2019-09-17,3.05,3.05,2.97,2.97,25188.0,MORI
2019-09-18,2.95,3.08,2.95,3.05,129755.0,MORI
2019-09-19,3.1,3.16,3.0,3.14,247929.0,MORI
2019-09-20,3.2,3.2,3.11,3.15,405460.0,MORI
2019-09-23,3.15,3.25,3.05,3.13,46071.0,MORI
2019-09-24,3.15,3.15,2.92,2.92,109451.0,MORI
2019-09-25,2.95,2.95,2.75,2.85,114166.0,MORI
2019-09-26,2.88,2.9,2.78,2.84,65728.0,MORI
2019-09-27,2.98,2.98,2.8,2.85,135361.0,MORI
2019-09-30,2.9,2.9,2.8,2.83,29004.0,MORI
2019-10-01,2.95,2.95,2.84,2.87,77064.0,MORI
2019-10-02,2.98,2.98,2.75,2.94,44145.0,MORI
2019-10-03,2.94,2.94,2.87,2.92,55945.0,MORI
2019-10-04,2.92,3.15,2.92,3.15,273422.0,MORI
2019-10-07,3.25,3.5,3.13,3.2,296031.0,MORI
2019-10-08,3.33,3.33,3.05,3.16,188001.0,MORI
2019-10-09,3.16,3.18,3.05,3.18,134281.0,MORI
2019-10-10,3.18,3.18,3.01,3.1,70988.0,MORI
2019-10-11,3.1,3.15,2.94,3.07,174641.0,MORI
2019-10-15,3.07,3.1,2.98,3.08,62873.0,MORI
2019-10-16,3.15,3.2,3.0,3.05,334927.0,MORI
2019-10-17,3.15,3.15,3.01,3.03,141098.0,MORI
2019-10-18,3.05,3.09,3.0,3.03,95881.0,MORI
2019-10-21,2.99,2.99,2.85,2.9,220073.0,MORI
2019-10-22,2.85,2.94,2.75,2.83,143956.0,MORI
2019-10-23,2.81,2.81,2.65,2.7,257635.0,MORI
2019-10-24,2.7,2.7,2.56,2.67,151862.0,MORI
2019-10-25,2.6,2.85,2.5,2.76,227839.0,MORI
2019-10-28,2.83,2.95,2.77,2.78,168036.0,MORI
2019-10-29,2.78,2.9,2.75,2.84,54251.0,MORI
2019-10-30,2.8,3.15,2.8,3.12,223265.0,MORI
2019-10-31,3.2,3.29,3.13,3.23,125912.0,MORI
2019-11-01,3.3,3.35,3.23,3.25,101762.0,MORI
2019-11-04,3.37,3.4,3.2,3.2,205928.0,MORI
2019-11-05,3.25,3.4,3.0,3.35,337641.0,MORI
2019-11-06,3.35,3.35,3.2,3.2,28527.0,MORI
2019-11-07,3.3,3.4,3.2,3.39,153940.0,MORI
2019-11-08,3.43,3.43,3.25,3.27,55308.0,MORI
2019-11-11,3.25,3.25,3.15,3.15,18455.0,MORI
2019-11-12,3.05,3.15,3.05,3.15,53630.0,MORI
2019-11-13,3.25,3.25,3.12,3.13,4638.0,MORI
2019-11-14,3.13,3.13,3.0,3.04,49172.0,MORI
2019-11-15,3.0,3.15,2.85,3.12,21736.0,MORI
2019-11-19,3.12,3.2,3.0,3.2,124103.0,MORI
2019-11-20,3.2,3.22,3.1,3.22,90883.0,MORI
2019-11-21,3.26,3.26,3.05,3.07,45965.0,MORI
2019-11-22,3.0,3.1,2.88,2.94,401936.0,MORI
2019-11-26,2.95,3.0,2.85,2.9,154934.0,MORI
2019-11-27,3.0,3.0,2.92,2.97,48938.0,MORI
2019-11-28,2.97,2.99,2.9,2.91,200171.0,MORI
2019-11-29,2.9,3.07,2.9,3.03,136006.0,MORI
2019-12-02,3.1,3.1,3.0,3.03,50688.0,MORI
2019-12-03,3.0,3.0,2.92,2.92,31552.0,MORI
2019-12-04,2.95,3.25,2.95,3.25,285840.0,MORI
2019-12-05,3.4,3.4,3.3,3.37,330448.0,MORI
2019-12-06,3.4,3.59,3.4,3.45,199659.0,MORI
2019-12-09,3.45,3.6,3.38,3.38,170151.0,MORI
2019-12-10,3.31,3.51,3.3,3.4,230472.0,MORI
2019-12-11,3.5,3.5,3.36,3.4,124985.0,MORI
2019-12-12,3.55,3.55,3.3,3.46,139253.0,MORI
2019-12-13,3.6,3.6,3.4,3.51,63967.0,MORI
2019-12-16,3.5,3.65,3.4,3.49,118081.0,MORI
2019-12-17,3.59,3.65,3.45,3.6,253230.0,MORI
2019-12-18,3.63,4.5,3.63,4.4,826933.0,MORI
2019-12-19,4.6,5.44,4.6,4.66,877182.0,MORI
2019-12-20,4.85,4.95,4.38,4.6,298925.0,MORI
2019-12-23,4.7,4.7,4.4,4.5,286238.0,MORI
2019-12-26,4.5,4.5,4.4,4.43,400898.0,MORI
2019-12-27,4.4,4.52,4.35,4.49,268782.0,MORI
2019-12-30,4.65,4.65,4.4,4.5,111535.0,MORI
2020-01-02,4.51,4.65,4.31,4.5,67427.0,MORI
2020-01-03,4.5,4.5,4.25,4.47,76078.0,MORI
2020-01-06,4.5,4.5,4.18,4.4,94387.0,MORI
2020-01-07,4.35,4.7,4.35,4.55,158385.0,MORI
2020-01-08,4.6,5.4,4.6,5.2,1362982.0,MORI
2020-01-09,5.4,5.75,5.35,5.7,1048903.0,MORI
2020-01-10,5.76,6.2,5.76,6.0,1105460.0,MORI
2020-01-13,5.95,6.89,5.95,6.7,1440054.0,MORI
2020-01-14,6.9,7.9,6.85,7.8,2506592.0,MORI
2020-01-15,8.0,8.35,6.9,7.35,2433134.0,MORI
2020-01-16,7.5,7.9,6.75,7.0,1054397.0,MORI
2020-01-17,7.25,7.49,6.98,7.19,399909.0,MORI
2020-01-20,7.25,7.27,7.12,7.2,303736.0,MORI
2020-01-21,7.1,7.25,6.8,7.0,315744.0,MORI
2020-01-22,7.0,7.0,6.45,6.72,318030.0,MORI
2020-01-23,6.72,6.95,6.7,6.73,121834.0,MORI
2020-01-24,6.9,6.95,6.4,6.44,205213.0,MORI
2020-01-27,6.4,6.4,5.9,6.17,394001.0,MORI
2020-01-28,6.17,7.39,6.17,7.37,1313238.0,MORI
2020-01-29,7.7,7.99,7.05,7.5,1443686.0,MORI
2020-01-30,7.4,7.75,6.93,7.15,670799.0,MORI
2020-01-31,7.2,7.7,7.0,7.39,715658.0,MORI
2020-02-03,7.63,7.63,7.1,7.34,177787.0,MORI
2020-02-04,7.65,7.95,7.4,7.67,789726.0,MORI
2020-02-05,7.77,7.77,7.4,7.55,111070.0,MORI
2020-02-06,7.5,7.69,7.4,7.45,97683.0,MORI
2020-02-07,7.5,7.64,7.4,7.6,140858.0,MORI
2020-02-10,7.69,7.69,7.01,7.33,83308.0,MORI
2020-02-11,7.32,7.32,6.6,7.06,176329.0,MORI
2020-02-12,7.23,7.23,6.85,7.17,199591.0,MORI
2020-02-13,7.1,7.1,6.73,6.92,252659.0,MORI
2020-02-14,7.05,7.14,6.91,7.04,106703.0,MORI
2020-02-17,7.1,7.1,6.85,7.02,94926.0,MORI
2020-02-18,7.01,7.01,6.66,6.7,209559.0,MORI
2020-02-19,6.7,7.45,6.7,7.3,303331.0,MORI
2020-02-20,7.35,7.6,7.35,7.35,208761.0,MORI
2020-02-21,7.34,7.44,7.06,7.32,66278.0,MORI
2020-02-26,7.0,7.0,6.73,6.85,143493.0,MORI
2020-02-27,6.85,6.85,6.4,6.44,215447.0,MORI
2020-02-28,6.4,6.4,6.0,6.25,185885.0,MORI
2020-03-02,6.2,6.7,6.19,6.43,112159.0,MORI
2020-03-03,6.43,6.69,6.3,6.35,194435.0,MORI
2020-03-04,6.5,6.6,6.36,6.4,80266.0,MORI
2020-03-05,6.7,6.7,6.3,6.45,55277.0,MORI
2020-03-06,6.15,6.4,6.0,6.07,109059.0,MORI
2020-03-09,5.85,5.85,5.1,5.55,282496.0,MORI
2020-03-10,5.6,6.0,5.6,5.7,139274.0,MORI
2020-03-11,5.7,5.7,5.2,5.39,106873.0,MORI
2020-03-12,5.14,5.14,4.5,4.79,302589.0,MORI
2020-03-13,4.9,5.4,4.82,5.1,246772.0,MORI
2020-03-16,4.75,4.9,4.5,4.73,82382.0,MORI
2020-03-17,4.75,5.0,4.66,4.87,122423.0,MORI
2020-03-18,4.8,4.85,4.0,4.3,160224.0,MORI
2020-03-19,4.35,4.48,4.25,4.35,122043.0,MORI
2020-03-20,4.45,5.0,4.45,4.64,325748.0,MORI
2020-03-25,4.85,5.0,4.75,4.9,309696.0,MORI
2020-03-26,5.01,5.27,5.0,5.06,226461.0,MORI
2020-03-27,5.06,5.1,4.7,5.0,87319.0,MORI
2020-03-30,5.05,5.4,4.9,5.35,288722.0,MORI
2020-04-01,5.6,7.09,5.6,6.97,1179598.0,MORI
2020-04-02,7.05,7.9,6.7,6.88,1322709.0,MORI
2020-04-03,7.05,7.4,6.85,6.94,400611.0,MORI
2020-04-06,7.13,7.39,7.02,7.17,428397.0,MORI
2020-04-07,7.19,7.25,6.95,7.09,614031.0,MORI
2020-04-08,7.09,7.19,7.03,7.1,256993.0,MORI
2020-04-13,7.17,7.3,6.75,7.12,334270.0,MORI
2020-04-14,7.2,7.35,7.12,7.3,307087.0,MORI
2020-04-15,7.33,7.65,7.3,7.5,413741.0,MORI
2020-04-16,7.55,7.55,7.01,7.35,232923.0,MORI
2020-04-17,7.5,7.87,7.5,7.85,610588.0,MORI
2020-04-20,7.9,8.4,7.9,8.29,505155.0,MORI
2020-04-21,8.29,8.95,8.29,8.93,661726.0,MORI
2020-04-22,9.0,10.25,9.0,10.1,1975088.0,MORI
2020-04-23,10.5,10.9,9.55,10.8,1518521.0,MORI
2020-04-24,11.0,11.75,9.85,11.7,1229785.0,MORI
2020-04-27,11.95,14.7,11.95,14.25,2367363.0,MORI
2020-04-28,14.7,18.0,12.95,16.8,2907755.0,MORI
2020-04-29,17.3,18.4,15.05,17.3,2000435.0,MORI
2020-04-30,17.8,17.8,16.0,16.3,758317.0,MORI
2020-05-04,16.2,16.2,14.5,15.2,1059882.0,MORI
2020-05-05,15.25,16.0,15.25,16.0,631009.0,MORI
2020-05-06,16.5,17.25,16.15,16.8,853229.0,MORI
2020-05-07,17.0,17.5,16.8,17.25,766525.0,MORI
2020-05-08,17.75,17.8,16.7,17.4,764153.0,MORI
2020-05-11,17.4,18.1,15.9,16.2,1101360.0,MORI
2020-05-12,16.0,16.55,15.05,15.45,1489675.0,MORI
2020-05-13,15.0,15.25,13.55,14.35,1059969.0,MORI
2020-05-14,14.65,14.65,13.5,13.55,1069633.0,MORI
2020-05-15,13.65,14.95,13.65,14.9,881907.0,MORI
2020-05-18,15.5,15.95,15.1,15.6,896128.0,MORI
2020-05-19,15.65,15.7,14.25,14.9,352834.0,MORI
2020-05-20,14.6,15.4,14.5,14.95,587991.0,MORI
2020-05-21,15.0,15.15,13.8,14.35,390738.0,MORI
2020-05-22,14.35,15.1,14.2,14.85,411587.0,MORI
2020-05-26,14.8,14.85,14.0,14.35,342142.0,MORI
2020-05-27,14.35,14.7,14.0,14.1,170480.0,MORI
2020-05-28,14.1,14.1,13.5,13.8,227421.0,MORI
2020-05-29,13.9,14.1,12.5,14.05,305630.0,MORI
2020-06-01,14.0,15.05,13.95,14.95,348307.0,MORI
2020-06-02,14.8,15.4,14.65,15.2,473942.0,MORI
2020-06-03,15.4,15.9,15.4,15.7,358178.0,MORI
2020-06-04,15.9,15.9,14.2,15.15,374310.0,MORI
2020-06-05,15.35,15.4,14.55,14.7,460590.0,MORI
2020-06-08,14.8,15.2,14.4,14.6,474583.0,MORI
2020-06-09,14.45,14.5,13.85,14.2,367577.0,MORI
2020-06-10,14.3,14.35,13.8,14.2,159200.0,MORI
2020-06-11,14.25,14.25,13.7,13.7,269461.0,MORI
2020-06-12,14.0,14.7,13.8,14.35,179786.0,MORI
2020-06-16,14.65,14.65,14.1,14.5,102490.0,MORI
2020-06-17,14.5,14.75,14.15,14.4,147623.0,MORI
2020-06-18,14.4,14.5,13.25,14.45,303678.0,MORI
2020-06-19,14.9,14.9,14.25,14.6,310722.0,MORI
2020-06-22,14.6,16.8,14.5,16.65,1613466.0,MORI
2020-06-23,17.15,18.0,16.25,17.0,1390163.0,MORI
2020-06-24,17.0,17.0,15.5,16.7,519138.0,MORI
2020-06-25,16.85,17.0,15.55,15.9,480545.0,MORI
2020-06-26,16.25,16.5,15.6,16.0,380997.0,MORI
2020-06-29,16.0,16.5,15.15,15.35,601194.0,MORI
2020-06-30,15.35,15.45,14.05,14.35,583292.0,MORI
2020-07-01,14.0,14.9,14.0,14.6,240729.0,MORI
2020-07-02,14.8,15.7,14.8,15.7,418272.0,MORI
2020-07-03,16.0,16.55,15.25,16.3,326600.0,MORI
2020-07-06,16.95,16.95,15.0,16.0,465690.0,MORI
2020-07-07,16.3,16.3,15.1,15.5,188898.0,MORI
2020-07-08,15.45,16.45,15.3,16.1,396247.0,MORI
2020-07-13,16.25,16.5,15.7,15.8,246462.0,MORI
2020-07-14,16.0,16.0,15.4,15.85,128249.0,MORI
2020-07-15,15.95,16.1,15.7,15.75,121300.0,MORI
2020-07-16,16.0,16.4,15.45,16.15,390144.0,MORI
2020-07-17,16.6,16.65,15.6,16.1,226396.0,MORI
2020-07-20,16.2,16.3,15.5,15.7,362836.0,MORI
2020-07-21,15.55,15.9,15.55,15.7,197088.0,MORI
2020-07-22,15.7,15.8,15.4,15.5,310637.0,MORI
2020-07-23,15.55,16.1,15.15,15.6,392288.0,MORI
2020-07-24,15.55,15.9,15.15,15.5,250269.0,MORI
2020-07-27,15.8,16.85,15.55,16.4,998948.0,MORI
2020-07-28,16.85,18.0,16.45,17.75,2237784.0,MORI
2020-07-29,18.25,19.7,18.2,19.4,2475207.0,MORI
2020-07-30,19.4,20.0,18.15,19.5,898503.0,MORI
2020-07-31,19.75,20.0,18.6,18.9,733379.0,MORI
2020-08-03,19.45,19.5,17.0,18.5,1209643.0,MORI
2020-08-04,19.5,19.65,18.5,18.5,496982.0,MORI
2020-08-05,18.5,19.25,17.5,18.4,299731.0,MORI
2020-08-06,18.2,18.75,17.3,18.2,286084.0,MORI
2020-08-07,18.45,18.9,18.2,18.85,312536.0,MORI
2020-08-10,19.0,19.5,19.0,19.0,381241.0,MORI
2020-08-11,19.0,19.4,18.6,18.75,185639.0,MORI
2020-08-12,19.05,19.05,18.1,18.2,188139.0,MORI
2020-08-13,18.15,18.7,18.0,18.1,143878.0,MORI
2020-08-14,18.3,18.3,17.55,18.25,237927.0,MORI
2020-08-18,18.5,19.0,18.15,18.6,184967.0,MORI
2020-08-19,18.4,18.95,18.2,18.4,257129.0,MORI
2020-08-20,18.55,18.75,17.8,18.65,184435.0,MORI
2020-08-21,18.9,19.65,18.75,19.65,595497.0,MORI
2020-08-24,19.6,21.0,19.6,20.4,735671.0,MORI
2020-08-25,20.55,21.0,19.0,19.3,428968.0,MORI
2020-08-26,19.5,19.9,18.6,18.65,226803.0,MORI
2020-08-27,18.7,19.0,18.6,18.9,146884.0,MORI
2020-08-28,19.2,19.5,18.6,19.2,192394.0,MORI
2020-08-31,19.35,20.0,18.5,18.85,273486.0,MORI
2020-09-01,18.85,19.45,18.0,18.9,228167.0,MORI
2020-09-02,19.0,19.2,18.3,18.5,100948.0,MORI
2020-09-03,18.6,18.9,18.0,18.35,174251.0,MORI
2020-09-04,18.35,18.85,16.15,18.8,338311.0,MORI
2020-09-07,19.1,19.25,18.0,18.85,161381.0,MORI
2020-09-08,18.7,19.0,17.8,18.2,85021.0,MORI
2020-09-09,18.2,18.6,18.0,18.3,68307.0,MORI
2020-09-10,18.35,18.45,18.0,18.15,124459.0,MORI
2020-09-11,18.55,18.55,18.0,18.1,99475.0,MORI
2020-09-14,18.6,18.6,17.9,18.4,153175.0,MORI
2020-09-15,18.5,18.5,17.8,17.85,222882.0,MORI
2020-09-16,17.45,17.5,16.4,16.65,405208.0,MORI
2020-09-17,16.5,16.55,14.9,14.9,495645.0,MORI
2020-09-18,14.9,16.0,14.3,15.6,282331.0,MORI
2020-09-21,15.7,16.1,14.8,15.35,182884.0,MORI
2020-09-22,15.3,16.4,15.1,16.0,161616.0,MORI
2020-09-23,16.35,17.05,16.35,16.6,504685.0,MORI
2020-09-24,16.95,17.5,16.95,17.4,175914.0,MORI
2020-09-25,17.2,17.65,17.0,17.55,253950.0,MORI
2020-09-28,17.7,17.85,17.0,17.0,188990.0,MORI
2020-09-29,16.85,17.5,16.5,16.5,114435.0,MORI
2020-09-30,16.0,17.0,16.0,16.55,63277.0,MORI
2020-10-01,16.55,17.45,16.3,17.0,98614.0,MORI
2020-10-02,16.8,17.25,16.3,17.1,107694.0,MORI
2020-10-05,17.1,17.35,16.85,17.0,78973.0,MORI
2020-10-06,16.65,17.1,16.55,16.7,99327.0,MORI
2020-10-07,17.1,17.25,16.65,17.0,88098.0,MORI
2020-10-08,17.0,17.0,16.25,16.7,123491.0,MORI
2020-10-09,17.0,17.0,16.1,16.35,196640.0,MORI
2020-10-13,16.0,16.2,15.7,16.0,331039.0,MORI
2020-10-14,16.25,16.25,15.5,15.9,338043.0,MORI
2020-10-15,15.8,16.45,15.75,16.25,325690.0,MORI
2020-10-16,16.6,17.5,16.3,17.5,641157.0,MORI
2020-10-19,17.35,18.4,16.75,17.75,473112.0,MORI
2020-10-20,17.9,18.2,17.0,17.35,341023.0,MORI
2020-10-21,16.9,17.4,16.6,17.1,585916.0,MORI
2020-10-22,17.45,17.8,17.0,17.8,259032.0,MORI
2020-10-23,17.95,18.1,16.3,16.95,279545.0,MORI
2020-10-26,16.95,16.95,15.6,16.0,369074.0,MORI
2020-10-27,16.15,17.3,15.3,15.6,479905.0,MORI
2020-10-28,15.65,16.3,14.5,15.5,291815.0,MORI
2020-10-29,15.45,16.0,15.0,15.4,160665.0,MORI
2020-10-30,15.8,15.8,14.85,15.15,258746.0,MORI
2020-11-02,15.15,15.6,14.6,14.9,381815.0,MORI
2020-11-03,14.9,15.3,14.65,15.3,604623.0,MORI
2020-11-04,15.5,15.5,14.9,15.1,192962.0,MORI
2020-11-05,15.2,16.3,14.65,16.1,880939.0,MORI
2020-11-06,16.2,16.9,15.6,16.1,528486.0,MORI
2020-11-09,16.7,16.7,15.6,16.0,449649.0,MORI
2020-11-10,16.05,16.7,15.75,16.6,586245.0,MORI
2020-11-11,16.85,16.95,16.05,16.25,449353.0,MORI
2020-11-12,16.15,16.2,15.75,16.15,682393.0,MORI
2020-11-13,16.2,16.7,16.15,16.45,588872.0,MORI
2020-11-16,16.0,17.65,16.0,17.65,706532.0,MORI
2020-11-17,17.85,18.35,17.75,18.0,1042172.0,MORI
2020-11-18,18.25,18.25,17.0,17.3,533840.0,MORI
2020-11-19,17.75,17.75,16.4,17.3,300398.0,MORI
2020-11-20,16.6,17.3,16.6,16.9,267666.0,MORI
2020-11-24,16.7,17.2,16.4,16.7,363408.0,MORI
2020-11-25,17.0,17.2,16.6,16.7,203206.0,MORI
2020-11-26,16.7,16.95,16.5,16.7,85328.0,MORI
2020-11-27,16.7,17.0,16.5,16.9,155106.0,MORI
2020-11-30,17.0,17.45,16.3,16.65,144046.0,MORI
2020-12-01,16.6,16.95,16.35,16.55,204090.0,MORI
2020-12-02,16.5,16.9,16.35,16.85,384647.0,MORI
2020-12-03,17.0,17.35,16.5,16.7,243571.0,MORI
2020-12-04,16.95,16.95,16.4,16.55,115739.0,MORI
2020-12-09,16.55,16.85,15.65,15.85,204100.0,MORI
2020-12-10,15.95,16.35,15.5,16.3,235613.0,MORI
2020-12-11,16.8,16.8,16.0,16.25,112738.0,MORI
2020-12-14,17.0,17.0,15.7,16.05,156603.0,MORI
2020-12-15,16.0,16.55,15.75,16.0,100525.0,MORI
2020-12-16,16.0,16.2,15.65,15.8,117161.0,MORI
2020-12-17,15.7,16.2,15.6,16.0,223898.0,MORI
2020-12-18,16.05,16.2,15.65,15.7,141100.0,MORI
2020-12-21,15.6,15.6,14.7,15.35,268233.0,MORI
2020-12-22,15.4,15.6,15.2,15.35,136999.0,MORI
2020-12-23,15.5,15.5,15.05,15.4,155809.0,MORI
2020-12-28,15.4,15.4,14.95,15.1,209774.0,MORI
2020-12-29,15.3,15.55,14.8,15.1,105868.0,MORI
2020-12-30,15.1,15.4,15.0,15.35,139522.0,MORI
2021-01-04,15.3,15.5,14.5,15.1,253238.0,MORI
2021-01-05,14.8,15.8,14.65,15.8,335388.0,MORI
2021-01-06,15.8,15.8,15.25,15.7,236716.0,MORI
2021-01-07,15.6,16.6,15.6,16.55,534098.0,MORI
2021-01-08,16.55,16.75,16.1,16.35,170879.0,MORI
2021-01-11,16.25,16.25,15.65,15.95,179817.0,MORI
2021-01-12,15.7,16.25,15.5,15.75,162502.0,MORI
2021-01-13,15.75,16.3,15.5,16.2,283949.0,MORI
2021-01-14,16.45,16.5,16.0,16.0,174048.0,MORI
2021-01-15,16.0,16.4,15.8,16.4,255420.0,MORI
2021-01-18,16.5,16.5,16.2,16.45,110218.0,MORI
2021-01-19,16.45,16.6,16.15,16.25,150087.0,MORI
2021-01-20,15.9,16.9,15.5,16.85,698728.0,MORI
2021-01-21,16.95,17.1,16.15,17.05,803362.0,MORI
2021-01-22,17.05,17.15,16.7,16.75,213471.0,MORI
2021-01-25,17.0,17.0,16.0,16.35,122158.0,MORI
2021-01-26,16.0,16.7,16.0,16.15,112004.0,MORI
2021-01-27,16.5,16.5,15.6,15.9,226847.0,MORI
2021-01-28,16.0,16.0,15.6,15.75,136959.0,MORI
2021-01-29,15.6,16.0,15.55,15.55,102954.0,MORI
2021-02-01,16.0,16.0,15.4,15.8,71433.0,MORI
2021-02-02,15.6,16.0,15.55,15.7,132574.0,MORI
2021-02-03,15.7,16.1,15.55,16.1,210383.0,MORI
2021-02-04,15.8,16.1,15.8,16.0,68284.0,MORI
2021-02-05,16.2,16.2,15.8,15.9,113425.0,MORI
2021-02-08,16.0,16.05,15.4,16.05,341220.0,MORI
2021-02-09,15.95,16.0,15.7,15.8,170430.0,MORI
2021-02-10,15.75,15.95,15.6,15.7,69342.0,MORI
2021-02-11,15.6,15.95,15.45,15.85,162894.0,MORI
2021-02-12,15.8,16.65,15.6,15.9,810052.0,MORI
2021-02-17,16.5,16.5,15.85,15.9,117369.0,MORI
2021-02-18,16.0,16.95,15.6,16.85,689694.0,MORI
2021-02-19,16.7,16.85,16.25,16.5,154376.0,MORI
2021-02-22,16.7,16.7,15.6,16.0,80491.0,MORI
2021-02-23,16.0,16.0,15.35,15.75,75464.0,MORI
2021-02-24,15.9,16.2,15.75,16.15,45692.0,MORI
2021-02-25,16.0,16.2,15.6,15.7,69308.0,MORI
2021-02-26,16.0,16.0,15.05,15.55,53838.0,MORI
2021-03-01,15.8,15.8,15.3,15.5,170519.0,MORI
2021-03-02,15.5,16.0,15.2,15.25,93758.0,MORI
2021-03-03,15.2,15.7,15.0,15.15,114437.0,MORI
2021-03-04,15.1,15.95,14.95,15.7,436473.0,MORI
2021-03-05,15.5,15.9,15.3,15.4,34736.0,MORI
2021-03-08,16.0,16.0,14.6,15.0,131006.0,MORI
2021-03-09,15.1,15.1,14.05,14.75,180432.0,MORI
2021-03-10,15.0,16.0,14.25,15.8,952388.0,MORI
2021-03-11,15.7,15.7,15.05,15.25,137444.0,MORI
2021-03-12,15.55,15.55,15.05,15.2,58431.0,MORI
2021-03-15,15.05,15.3,15.0,15.15,159699.0,MORI
2021-03-16,15.1,15.2,15.0,15.1,143108.0,MORI
2021-03-17,15.4,15.4,14.9,15.1,96673.0,MORI
2021-03-18,15.35,15.35,14.75,14.85,93728.0,MORI
2021-03-19,14.85,15.2,14.55,14.8,65562.0,MORI
2021-03-22,15.2,15.25,14.0,14.3,325779.0,MORI
2021-03-23,14.3,14.9,13.85,13.95,236123.0,MORI
2021-03-25,14.6,14.6,13.1,13.65,288173.0,MORI
2021-03-26,13.8,14.1,13.3,13.85,140629.0,MORI
2021-03-29,13.9,14.2,13.7,14.2,64214.0,MORI
2021-03-30,14.2,14.55,13.95,14.0,90043.0,MORI
2021-03-31,14.0,15.65,14.0,15.25,1286307.0,MORI
2021-04-05,15.25,15.4,14.15,14.9,84827.0,MORI
2021-04-06,14.6,15.1,14.6,14.9,56081.0,MORI
2021-04-07,15.15,15.6,14.7,15.55,221229.0,MORI
2021-04-08,15.45,15.6,15.0,15.6,83515.0,MORI
2021-04-09,15.7,15.8,15.25,15.6,86847.0,MORI
2021-04-12,15.6,15.6,14.8,15.1,193006.0,MORI
2021-04-13,15.2,15.25,15.0,15.15,73320.0,MORI
2021-04-14,15.35,15.35,14.9,14.9,93372.0,MORI
2021-04-15,14.85,15.85,14.5,15.8,989610.0,MORI
2021-04-16,15.7,15.7,15.15,15.55,42700.0,MORI
2021-04-19,15.4,15.5,15.0,15.2,134527.0,MORI
2021-04-20,15.0,15.2,15.0,15.15,199784.0,MORI
2021-04-21,15.15,15.15,14.85,15.1,66172.0,MORI
2021-04-22,15.2,15.3,15.0,15.15,58581.0,MORI
2021-04-23,15.3,15.3,14.9,15.1,86028.0,MORI
2021-04-26,15.1,15.3,14.8,15.0,96351.0,MORI
2021-04-27,15.0,15.2,14.85,15.0,281751.0,MORI
2021-04-28,14.8,15.1,14.7,15.1,344949.0,MORI
2021-04-29,15.1,15.1,14.85,15.0,31053.0,MORI
2021-04-30,14.85,15.0,14.7,15.0,100471.0,MORI
2021-05-03,15.0,15.15,14.8,14.9,60149.0,MORI
2021-05-04,15.0,15.0,14.45,14.6,193338.0,MORI
2021-05-05,14.8,14.8,14.5,14.55,70781.0,MORI
2021-05-06,14.55,15.0,14.5,14.7,84200.0,MORI
2021-05-07,14.7,14.95,14.6,14.75,73733.0,MORI
2021-05-10,14.8,15.0,14.45,14.5,69304.0,MORI
2021-05-11,14.55,14.7,14.35,14.5,18368.0,MORI
2021-05-12,14.65,14.85,14.2,14.45,65218.0,MORI
2021-05-13,14.85,14.85,14.2,14.7,58652.0,MORI
2021-05-14,14.3,15.0,14.3,14.85,140848.0,MORI
2021-05-17,14.85,14.95,14.55,14.8,126011.0,MORI
2021-05-18,14.95,14.95,14.5,14.75,110475.0,MORI
2021-05-19,14.4,14.95,14.4,14.75,94149.0,MORI
2021-05-20,14.75,14.95,14.55,14.95,159011.0,MORI
2021-05-21,15.0,15.2,14.7,15.1,341647.0,MORI
2021-05-26,15.3,15.3,14.8,15.1,58680.0,MORI
2021-05-27,15.2,15.2,14.85,15.0,326370.0,MORI
2021-05-28,15.0,15.8,14.6,15.8,1030875.0,MORI
2021-05-31,15.8,16.75,15.6,16.75,581701.0,MORI
2021-06-01,16.75,17.3,16.4,16.8,765689.0,MORI
2021-06-02,16.95,17.05,16.4,16.95,377808.0,MORI
2021-06-03,17.0,17.0,16.6,16.8,150907.0,MORI
2021-06-04,16.9,17.45,16.6,17.35,378343.0,MORI
2021-06-07,17.4,17.95,16.2,16.95,571046.0,MORI
2021-06-08,17.0,17.2,16.55,16.55,136142.0,MORI
2021-06-09,16.6,17.0,16.25,17.0,114360.0,MORI
2021-06-10,17.25,17.8,16.7,16.9,277893.0,MORI
2021-06-11,17.25,17.25,16.5,16.95,205242.0,MORI
2021-06-14,17.0,17.3,16.9,17.05,114991.0,MORI
2021-06-15,17.1,17.3,16.6,16.9,116848.0,MORI
2021-06-16,16.55,17.15,16.55,16.7,105305.0,MORI
2021-06-17,16.5,17.0,15.8,16.4,278256.0,MORI
2021-06-18,16.5,16.75,15.85,15.9,131611.0,MORI
2021-06-22,16.1,16.45,15.7,16.2,76591.0,MORI
2021-06-23,16.6,16.6,15.9,16.2,60366.0,MORI
2021-06-24,16.25,16.3,15.85,15.85,178011.0,MORI
2021-06-25,15.8,15.8,15.0,15.6,174888.0,MORI
2021-06-28,15.5,16.1,15.05,16.05,186855.0,MORI
2021-06-29,16.15,16.55,16.05,16.45,186144.0,MORI
2021-06-30,16.6,16.6,16.3,16.5,32121.0,MORI
2021-07-01,16.3,16.85,16.1,16.45,54346.0,MORI
2021-07-02,16.85,16.85,16.0,16.35,91089.0,MORI
2021-07-05,16.55,16.55,16.2,16.3,66698.0,MORI
2021-07-06,16.0,16.45,16.0,16.35,24824.0,MORI
2021-07-07,16.6,16.6,16.0,16.4,63347.0,MORI
2021-07-08,16.2,16.35,15.95,16.1,70859.0,MORI
2021-07-12,16.0,16.3,15.85,16.0,49121.0,MORI
2021-07-13,16.5,16.5,15.8,16.0,94742.0,MORI
2021-07-14,16.4,16.4,15.85,15.9,70591.0,MORI
2021-07-15,15.9,16.4,15.7,16.0,52895.0,MORI
2021-07-16,16.15,16.15,15.25,15.55,167160.0,MORI
2021-07-19,15.55,15.8,15.25,15.45,77034.0,MORI
2021-07-20,15.8,15.8,15.15,15.5,60099.0,MORI
2021-07-21,15.8,15.8,15.3,15.5,97499.0,MORI
2021-07-22,15.5,15.75,15.25,15.7,80496.0,MORI
2021-07-23,15.7,15.7,15.0,15.35,196481.0,MORI
2021-07-26,15.35,15.5,15.25,15.45,136236.0,MORI
2021-07-27,15.65,15.65,15.1,15.4,81906.0,MORI
2021-07-28,15.1,15.5,15.1,15.45,88815.0,MORI
2021-07-29,15.5,15.55,15.15,15.55,66243.0,MORI
2021-07-30,15.65,15.7,15.15,15.45,67919.0,MORI
2021-08-02,15.4,15.55,14.9,15.05,154014.0,MORI
2021-08-03,15.05,15.3,14.6,15.2,102756.0,MORI
2021-08-04,15.2,15.3,14.8,15.0,92771.0,MORI
2021-08-05,15.25,15.3,15.0,15.05,71578.0,MORI
2021-08-06,15.4,15.4,14.9,15.3,106090.0,MORI
2021-08-09,15.0,15.4,15.0,15.3,66088.0,MORI
2021-08-10,15.3,15.3,14.9,15.25,187449.0,MORI
2021-08-11,15.25,15.95,15.1,15.9,376079.0,MORI
2021-08-12,16.0,16.1,15.8,15.95,216109.0,MORI
2021-08-13,16.2,16.2,15.4,15.75,154141.0,MORI
2021-08-17,15.85,15.85,14.8,15.25,135281.0,MORI
2021-08-18,15.35,15.8,14.8,15.75,102875.0,MORI
2021-08-19,15.8,15.8,15.3,15.7,92319.0,MORI
2021-08-20,15.5,15.9,15.3,15.7,123018.0,MORI
2021-08-23,15.6,15.95,15.4,15.75,51163.0,MORI
2021-08-24,15.75,16.1,15.5,16.05,501941.0,MORI
2021-08-25,16.3,16.3,15.8,16.05,62104.0,MORI
2021-08-26,16.0,16.0,15.7,15.8,54805.0,MORI
2021-08-27,15.9,16.1,15.7,16.0,212569.0,MORI
2021-08-30,16.2,16.9,15.7,16.8,999791.0,MORI
2021-08-31,16.8,16.8,16.1,16.6,396858.0,MORI
2021-09-01,16.6,16.8,15.5,16.4,362476.0,MORI
2021-09-02,16.55,16.6,16.0,16.2,330884.0,MORI
2021-09-03,16.1,17.9,15.7,17.75,951036.0,MORI
2021-09-06,18.0,18.8,17.75,18.5,1191135.0,MORI
2021-09-07,18.7,19.0,18.0,18.5,629200.0,MORI
2021-09-08,18.4,18.4,17.55,17.6,394051.0,MORI
2021-09-09,17.6,18.15,16.8,16.95,252248.0,MORI
2021-09-10,16.8,17.4,16.5,16.75,281218.0,MORI
2021-09-13,18.0,18.4,17.1,17.3,312062.0,MORI
2021-09-14,17.3,17.3,16.65,16.7,101632.0,MORI
2021-09-15,17.0,17.0,16.0,16.7,193280.0,MORI
2021-09-16,16.7,17.0,16.05,16.7,221628.0,MORI
2021-09-17,16.65,16.65,16.15,16.45,119733.0,MORI
2021-09-20,16.05,16.4,15.5,15.85,128290.0,MORI
2021-09-21,16.0,16.45,15.85,16.0,41014.0,MORI
2021-09-22,16.5,16.65,16.05,16.25,49164.0,MORI
2021-09-23,16.6,16.95,16.0,16.3,19988.0,MORI
2021-09-24,16.4,16.75,15.85,16.4,73104.0,MORI
2021-09-27,16.2,16.75,15.95,16.15,79931.0,MORI
2021-09-28,16.55,16.55,15.7,15.9,74683.0,MORI
2021-09-29,16.3,16.3,15.7,16.1,48627.0,MORI
2021-09-30,16.15,16.3,15.9,16.0,77040.0,MORI
2021-10-01,16.2,16.5,15.75,16.0,49379.0,MORI
2021-10-04,16.4,16.4,15.6,15.9,33736.0,MORI
2021-10-05,15.9,16.35,15.5,15.9,161888.0,MORI
2021-10-06,16.15,16.15,15.5,15.85,90775.0,MORI
2021-10-07,15.85,15.85,15.6,15.75,110103.0,MORI
2021-10-12,16.0,16.0,15.6,15.75,116726.0,MORI
2021-10-13,15.6,15.75,15.15,15.45,205140.0,MORI
2021-10-14,15.65,16.15,15.45,15.95,118023.0,MORI
2021-10-15,15.9,16.1,15.6,16.0,270417.0,MORI
2021-10-18,16.15,16.15,15.6,15.8,152809.0,MORI
2021-10-19,16.15,16.8,15.5,16.45,303464.0,MORI
2021-10-20,16.85,17.15,16.45,17.1,500179.0,MORI
2021-10-21,17.1,17.1,16.2,16.75,401092.0,MORI
2021-10-22,16.5,16.8,16.35,16.6,141826.0,MORI
2021-10-25,16.1,16.9,16.1,16.5,150243.0,MORI
2021-10-26,16.45,16.55,16.2,16.35,72575.0,MORI
2021-10-27,16.0,16.35,15.9,16.0,103189.0,MORI
2021-10-28,16.0,16.55,15.75,16.0,85582.0,MORI
2021-10-29,16.45,16.45,15.75,15.8,62041.0,MORI
2021-11-01,16.45,16.5,15.8,15.95,232389.0,MORI
2021-11-02,16.4,16.4,15.9,16.0,51189.0,MORI
2021-11-03,16.0,16.35,15.85,15.95,167339.0,MORI
2021-11-04,15.95,16.15,15.85,16.0,44297.0,MORI
2021-11-05,16.1,16.1,15.85,15.95,70107.0,MORI
2021-11-08,15.95,16.5,15.85,16.3,238482.0,MORI
2021-11-09,16.0,17.15,16.0,17.05,380607.0,MORI
2021-11-10,17.1,17.8,16.75,16.8,414620.0,MORI
2021-11-11,16.55,17.0,16.4,16.65,116531.0,MORI
2021-11-12,16.5,16.9,16.2,16.4,156642.0,MORI
2021-11-15,16.5,17.0,15.5,15.7,228385.0,MORI
2021-11-16,15.9,16.2,15.2,15.3,122779.0,MORI
2021-11-17,15.6,15.95,15.2,15.5,67329.0,MORI
2021-11-18,16.15,16.15,15.2,15.65,69548.0,MORI
2021-11-19,15.9,15.9,15.35,15.45,16033.0,MORI
2021-11-23,15.0,15.65,15.0,15.55,66375.0,MORI
2021-11-24,15.6,15.6,15.1,15.35,31641.0,MORI
2021-11-25,15.35,15.85,15.25,15.4,18933.0,MORI
2021-11-26,15.6,15.6,14.4,14.85,64168.0,MORI
2021-11-29,15.0,15.0,14.4,14.6,80818.0,MORI
2021-11-30,14.65,15.0,14.2,14.55,34566.0,MORI
2021-12-01,14.35,15.4,14.35,15.15,83842.0,MORI
2021-12-02,14.9,16.1,14.6,15.85,71897.0,MORI
2021-12-03,16.0,16.0,15.1,15.4,50209.0,MORI
2021-12-06,15.4,15.9,15.1,15.75,78473.0,MORI
2021-12-07,15.95,16.2,15.5,16.05,187950.0,MORI
2021-12-09,15.95,16.25,15.4,15.75,43453.0,MORI
2021-12-10,16.0,16.25,15.0,15.7,29691.0,MORI
2021-12-13,15.7,15.7,15.1,15.25,36704.0,MORI
2021-12-14,15.15,15.5,14.95,15.05,46944.0,MORI
2021-12-15,15.45,15.45,14.7,14.8,71178.0,MORI
2021-12-16,14.95,15.25,14.8,15.0,173007.0,MORI
2021-12-17,15.0,15.55,14.85,15.3,23929.0,MORI
2021-12-20,15.5,15.5,15.05,15.45,34494.0,MORI
2021-12-21,15.75,16.4,15.3,16.3,288272.0,MORI
2021-12-22,16.0,16.4,15.7,16.05,188619.0,MORI
2021-12-23,16.1,16.5,15.6,15.65,27234.0,MORI
2021-12-27,15.0,16.1,15.0,15.85,113109.0,MORI
2021-12-28,15.9,16.35,15.85,15.85,147503.0,MORI
2021-12-29,15.95,15.95,15.4,15.7,22526.0,MORI
2021-12-30,16.0,16.25,15.35,15.6,29139.0,MORI
2022-01-03,16.0,16.0,15.5,15.85,80366.0,MORI
2022-01-04,15.95,16.2,15.55,15.9,16112.0,MORI
2022-01-05,16.0,16.0,15.25,15.45,43487.0,MORI
2022-01-06,15.7,15.7,15.15,15.4,41622.0,MORI
2022-01-07,15.15,15.4,15.1,15.3,22073.0,MORI
2022-01-10,15.35,15.85,15.1,15.45,9496.0,MORI
2022-01-11,15.45,15.45,15.1,15.2,31400.0,MORI
2022-01-12,15.25,15.4,14.9,15.1,73168.0,MORI
2022-01-13,14.95,15.3,14.85,14.95,73594.0,MORI
2022-01-14,15.1,15.1,14.75,15.0,35024.0,MORI
2022-01-17,15.0,15.35,14.7,14.75,95038.0,MORI
2022-01-18,14.75,15.1,14.5,14.85,121753.0,MORI
2022-01-19,15.0,15.0,14.6,14.8,104992.0,MORI
2022-01-20,14.8,14.95,14.3,14.75,51310.0,MORI
2022-01-21,14.8,15.0,14.5,14.55,19781.0,MORI
2022-01-24,14.95,14.95,14.0,14.05,62825.0,MORI
2022-01-25,14.0,14.7,13.85,14.2,113952.0,MORI
2022-01-26,14.45,14.45,14.1,14.2,27321.0,MORI
2022-01-27,14.3,14.3,13.9,14.05,67850.0,MORI
2022-01-28,14.3,15.0,14.0,14.55,151987.0,MORI
2022-01-31,14.5,14.9,14.15,14.4,163149.0,MORI
2022-02-01,14.5,14.6,14.05,14.5,229276.0,MORI
2022-02-02,14.6,14.7,14.3,14.5,247309.0,MORI
2022-02-03,14.65,14.65,14.0,14.15,66456.0,MORI
2022-02-04,14.2,14.8,13.95,14.7,116425.0,MORI
2022-02-07,14.75,14.8,13.8,14.3,340915.0,MORI
2022-02-08,14.65,14.65,13.8,13.9,236118.0,MORI
2022-02-09,13.9,14.2,13.8,13.95,79260.0,MORI
2022-02-10,14.15,14.25,13.7,13.95,166273.0,MORI
2022-02-11,14.1,14.1,13.5,14.05,313416.0,MORI
2022-02-14,14.0,14.2,13.6,14.1,88363.0,MORI
2022-02-15,14.2,14.2,13.8,14.05,72776.0,MORI
2022-02-16,14.0,15.65,13.8,14.85,630117.0,MORI
2022-02-17,15.1,15.1,14.25,14.6,195395.0,MORI
2022-02-18,14.8,14.8,14.2,14.3,112786.0,MORI
2022-02-21,14.75,14.75,14.3,14.4,49135.0,MORI
2022-02-22,14.75,14.75,13.8,14.1,151064.0,MORI
2022-02-23,14.5,14.55,13.75,13.95,182663.0,MORI
2022-02-24,13.95,14.1,13.3,13.7,184352.0,MORI
2022-02-25,13.7,14.2,13.7,13.95,102904.0,MORI
2022-03-02,14.25,14.35,13.8,13.9,70448.0,MORI
2022-03-03,14.15,14.35,13.75,14.15,255177.0,MORI
2022-03-04,14.2,14.3,13.7,13.8,119571.0,MORI
2022-03-07,14.35,14.4,13.75,13.85,215130.0,MORI
2022-03-08,14.0,14.0,13.6,14.0,89513.0,MORI
2022-03-09,14.0,14.2,13.5,13.85,81422.0,MORI
2022-03-10,13.8,14.25,13.65,13.95,83959.0,MORI
2022-03-11,14.1,14.1,13.7,13.9,77943.0,MORI
2022-03-14,13.8,14.0,13.15,13.5,107644.0,MORI
2022-03-15,14.0,14.0,13.5,13.8,8789.0,MORI
2022-03-16,13.8,14.3,13.8,14.15,128786.0,MORI
2022-03-17,14.25,14.4,13.9,14.25,53962.0,MORI
2022-03-18,14.4,14.45,13.75,14.15,59670.0,MORI
2022-03-21,14.35,14.35,13.6,13.9,79286.0,MORI
2022-03-22,14.0,14.0,13.7,13.85,47513.0,MORI
2022-03-23,14.0,14.05,13.6,13.6,119931.0,MORI
2022-03-25,13.7,13.95,13.65,13.85,46426.0,MORI
2022-03-28,13.85,14.0,13.6,13.7,34477.0,MORI
2022-03-29,14.0,14.0,13.45,13.6,174364.0,MORI
2022-03-30,13.5,13.75,12.8,13.2,106091.0,MORI
2022-03-31,13.5,13.75,13.3,13.45,35331.0,MORI
2022-04-01,13.4,13.8,13.35,13.75,31191.0,MORI
2022-04-04,13.95,14.0,13.3,13.7,69300.0,MORI
2022-04-05,13.9,13.9,13.45,13.6,58459.0,MORI
2022-04-06,13.4,13.7,13.35,13.65,48861.0,MORI
2022-04-07,13.75,13.75,13.4,13.45,43169.0,MORI
2022-04-08,13.75,13.9,13.3,13.5,47874.0,MORI
2022-04-11,13.7,13.7,13.1,13.25,49930.0,MORI
2022-04-12,13.7,13.7,13.2,13.45,24939.0,MORI
2022-04-13,13.4,13.5,13.25,13.45,30291.0,MORI
2022-04-18,13.7,13.7,13.05,13.35,81658.0,MORI
2022-04-19,13.7,13.7,13.05,13.1,176061.0,MORI
2022-04-20,13.1,13.2,13.0,13.05,141731.0,MORI
2022-04-21,13.05,13.05,12.75,12.9,203866.0,MORI
2022-04-22,12.85,13.05,12.65,13.0,177466.0,MORI
2022-04-25,13.0,13.1,12.0,13.0,94921.0,MORI
2022-04-26,13.1,13.1,12.4,12.55,66395.0,MORI
2022-04-27,12.5,13.1,12.5,12.8,25385.0,MORI
2022-04-28,13.05,13.1,12.25,12.4,92291.0,MORI
2022-04-29,12.45,12.9,12.3,12.6,69744.0,MORI
2022-05-02,13.0,13.1,12.25,12.7,32043.0,MORI
2022-05-03,12.4,12.8,12.35,12.65,52742.0,MORI
2022-05-04,12.85,12.85,12.3,12.45,26356.0,MORI
2022-05-05,12.7,12.7,12.1,12.15,49396.0,MORI
2022-05-06,12.15,12.5,11.95,12.2,57226.0,MORI
2022-05-09,12.6,12.6,11.25,11.4,100359.0,MORI
2022-05-10,11.95,11.95,11.35,11.4,41928.0,MORI
2022-05-11,11.5,11.7,11.0,11.45,64393.0,MORI
2022-05-12,11.45,11.45,11.2,11.3,34827.0,MORI
2022-05-13,11.8,12.0,11.35,11.6,28407.0,MORI
2022-05-16,12.0,12.0,11.15,11.7,50615.0,MORI
2022-05-17,11.6,12.0,11.5,11.9,37811.0,MORI
2022-05-19,11.9,11.9,11.5,11.6,90661.0,MORI
2022-05-20,11.95,11.95,11.2,11.2,25896.0,MORI
2022-05-23,11.1,11.6,11.0,11.6,130192.0,MORI
2022-05-24,11.2,12.95,11.2,12.55,120855.0,MORI
2022-05-26,12.9,13.0,12.3,12.95,99883.0,MORI
2022-05-27,13.1,13.1,12.5,12.85,28975.0,MORI
2022-05-30,12.7,12.8,12.5,12.8,31487.0,MORI
2022-05-31,12.5,12.8,12.3,12.3,67554.0,MORI
2022-06-01,12.45,12.6,12.2,12.25,29659.0,MORI
2022-06-02,12.3,12.8,12.1,12.65,120784.0,MORI
2022-06-03,12.85,12.9,11.65,12.25,226975.0,MORI
2022-06-06,12.25,12.3,11.8,12.0,29394.0,MORI
2022-06-07,11.7,12.25,11.7,12.05,37951.0,MORI
2022-06-08,11.85,12.05,11.75,11.85,42408.0,MORI
2022-06-09,12.0,12.2,11.7,12.1,33308.0,MORI
2022-06-10,12.55,12.6,11.5,11.95,101226.0,MORI
2022-06-13,11.5,11.85,11.25,11.65,65438.0,MORI
2022-06-14,12.0,12.0,11.35,11.7,81087.0,MORI
2022-06-15,11.6,12.25,11.5,11.85,72397.0,MORI
2022-06-16,12.0,12.0,11.7,11.75,33606.0,MORI
2022-06-21,11.7,12.3,11.5,12.0,36103.0,MORI
2022-06-22,11.8,11.9,11.5,11.6,93707.0,MORI
2022-06-23,11.4,11.85,11.2,11.55,45234.0,MORI
2022-06-24,11.1,11.95,11.1,11.65,40294.0,MORI
2022-06-27,11.35,12.5,11.25,12.25,146679.0,MORI
2022-06-28,12.0,12.55,11.9,12.1,80929.0,MORI
2022-06-29,12.1,12.5,12.1,12.35,94517.0,MORI
2022-06-30,12.6,12.6,12.2,12.55,43335.0,MORI
2022-07-01,12.15,12.7,12.15,12.65,65688.0,MORI
2022-07-04,12.8,13.1,12.6,12.9,80297.0,MORI
2022-07-05,13.2,13.5,13.0,13.5,110236.0,MORI
2022-07-06,13.35,14.45,13.3,14.15,160107.0,MORI
2022-07-07,14.5,15.3,14.15,15.15,316894.0,MORI
2022-07-08,15.3,16.0,14.8,15.5,292818.0,MORI
2022-07-11,15.5,15.5,14.15,15.25,198281.0,MORI
2022-07-12,15.3,16.0,15.0,15.15,98795.0,MORI
2022-07-13,15.4,15.4,14.5,14.8,50754.0,MORI
2022-07-14,14.7,15.25,14.1,14.5,122468.0,MORI
2022-07-15,14.5,14.85,14.1,14.75,84158.0,MORI
2022-07-18,15.2,15.5,15.1,15.35,68717.0,MORI
2022-07-19,15.35,16.0,15.1,15.7,205906.0,MORI
2022-07-20,15.7,15.7,14.8,15.6,94584.0,MORI
2022-07-21,15.95,16.5,15.6,16.05,254667.0,MORI
2022-07-22,16.5,16.5,15.7,16.45,117257.0,MORI
2022-07-25,16.25,16.9,15.85,16.75,139090.0,MORI
2022-07-26,16.9,16.9,16.25,16.8,92888.0,MORI
2022-07-27,17.0,17.65,16.3,17.55,375228.0,MORI
2022-07-28,17.5,17.9,16.3,17.55,309736.0,MORI
2022-07-29,17.5,17.9,16.0,16.5,234574.0,MORI
2022-08-01,16.7,17.55,16.0,16.45,216994.0,MORI
2022-08-02,16.4,16.55,16.0,16.3,109725.0,MORI
2022-08-03,16.5,16.5,15.95,16.45,171293.0,MORI
2022-08-04,16.7,17.3,15.85,16.5,115203.0,MORI
2022-08-05,17.0,17.0,16.0,16.3,274955.0,MORI
2022-08-08,16.3,16.5,15.9,16.05,169874.0,MORI
2022-08-09,16.0,16.5,16.0,16.2,53495.0,MORI
2022-08-10,16.4,16.4,15.35,16.15,226989.0,MORI
2022-08-11,16.2,16.25,15.7,16.0,309727.0,MORI
2022-08-12,16.0,16.15,15.85,16.0,154693.0,MORI
2022-08-16,16.1,16.2,15.7,16.0,204350.0,MORI
2022-08-17,16.0,16.35,15.8,16.0,98245.0,MORI
2022-08-18,16.2,16.3,16.05,16.2,211475.0,MORI
2022-08-19,16.15,16.7,15.8,16.5,159992.0,MORI
2022-08-22,16.4,17.0,16.1,16.7,239296.0,MORI
2022-08-23,16.8,17.2,16.7,17.1,214245.0,MORI
2022-08-24,17.0,17.6,16.35,17.1,303549.0,MORI
2022-08-25,17.0,18.2,17.0,18.0,477867.0,MORI
2022-08-26,18.5,18.5,17.7,18.2,239947.0,MORI
2022-08-29,18.3,19.05,18.0,18.55,278376.0,MORI
2022-08-30,18.95,19.0,17.75,18.15,157154.0,MORI
2022-08-31,18.0,18.3,17.75,17.9,78994.0,MORI
2022-09-01,17.95,18.6,17.5,18.05,69759.0,MORI
2022-09-05,17.9,18.5,17.6,18.0,153182.0,MORI
2022-09-06,18.3,18.3,17.5,17.95,104331.0,MORI
2022-09-07,18.1,18.5,17.5,18.25,188878.0,MORI
2022-09-08,18.25,18.85,17.5,17.8,142908.0,MORI
2022-09-09,18.5,19.25,17.25,18.75,280270.0,MORI
2022-09-12,19.15,19.5,18.5,19.3,721963.0,MORI
2022-09-13,18.95,19.55,18.9,18.9,101678.0,MORI
2022-09-14,19.0,19.0,18.35,18.55,251939.0,MORI
2022-09-15,18.35,18.5,18.0,18.4,145918.0,MORI
2022-09-16,18.0,18.15,17.55,17.75,80642.0,MORI
2022-09-19,18.0,18.1,17.35,17.75,70999.0,MORI
2022-09-20,17.85,18.0,17.0,17.05,289654.0,MORI
2022-09-21,17.5,17.5,16.85,17.0,144733.0,MORI
2022-09-22,17.0,17.5,16.7,17.25,982034.0,MORI
2022-09-23,17.3,17.5,16.6,16.7,30173.0,MORI
2022-09-26,16.4,17.0,16.0,16.3,224879.0,MORI
2022-09-27,16.25,17.35,16.15,17.0,88983.0,MORI
2022-09-28,17.35,18.75,16.5,18.2,456671.0,MORI
2022-09-29,18.2,19.0,17.85,18.6,486307.0,MORI
2022-09-30,18.6,18.85,18.0,18.15,143231.0,MORI
2022-10-03,18.1,18.8,17.8,18.3,74068.0,MORI
2022-10-04,18.25,18.85,18.0,18.05,72980.0,MORI
2022-10-05,18.65,18.65,17.6,17.9,151123.0,MORI
2022-10-06,18.1,18.3,17.6,18.0,67344.0,MORI
2022-10-11,18.0,18.0,17.0,17.1,22770.0,MORI
2022-10-12,17.45,17.9,17.05,17.35,27518.0,MORI
2022-10-13,17.9,17.9,17.1,17.65,22467.0,MORI
2022-10-14,17.75,17.8,17.05,17.25,105588.0,MORI
2022-10-17,17.95,17.95,16.75,16.8,130771.0,MORI
2022-10-18,16.5,17.7,16.5,17.0,131257.0,MORI
2022-10-19,17.0,17.25,16.4,16.95,148386.0,MORI
2022-10-20,16.5,17.2,16.5,16.8,43058.0,MORI
2022-10-21,17.1,17.5,16.55,16.75,27410.0,MORI
2022-10-24,16.5,17.0,16.2,16.45,58265.0,MORI
2022-10-25,16.25,16.7,16.25,16.5,46993.0,MORI
2022-10-26,16.5,17.5,16.2,17.0,67822.0,MORI
2022-10-27,17.2,17.2,16.6,16.8,27627.0,MORI
2022-10-28,17.0,17.0,16.35,17.0,127823.0,MORI
2022-10-31,17.4,17.5,17.05,17.25,25165.0,MORI
2022-11-01,17.1,18.0,16.85,17.15,97826.0,MORI
2022-11-02,17.15,17.25,16.8,17.2,39820.0,MORI
2022-11-03,17.6,17.6,16.6,16.95,165172.0,MORI
2022-11-04,17.3,17.5,16.7,16.85,50979.0,MORI
2022-11-07,16.85,17.0,16.5,16.6,58375.0,MORI
2022-11-08,16.9,17.1,16.3,16.45,204986.0,MORI
2022-11-09,16.4,16.4,16.0,16.0,388601.0,MORI
2022-11-10,16.0,16.7,16.0,16.0,170678.0,MORI
2022-11-11,16.0,16.7,15.9,16.65,212027.0,MORI
2022-11-14,16.65,17.0,16.0,16.4,529070.0,MORI
2022-11-15,16.1,17.0,16.0,16.15,418038.0,MORI
2022-11-16,16.0,16.4,15.9,16.4,116658.0,MORI
2022-11-17,16.1,16.6,16.1,16.5,91622.0,MORI
2022-11-18,16.7,16.7,16.4,16.6,18453.0,MORI
2022-11-22,16.8,16.8,16.3,16.55,70499.0,MORI
2022-11-23,16.8,16.8,16.3,16.5,186411.0,MORI
2022-11-24,16.25,16.85,16.25,16.45,306453.0,MORI
2022-11-25,16.75,16.75,15.9,16.0,786039.0,MORI
2022-11-28,16.25,16.25,15.5,15.5,438979.0,MORI
2022-11-29,16.0,16.1,15.7,15.85,242218.0,MORI
2022-11-30,16.1,16.1,15.7,16.0,180681.0,MORI
2022-12-01,16.1,16.45,15.9,16.1,632179.0,MORI
2022-12-02,16.3,17.55,16.0,17.4,966413.0,MORI
2022-12-05,17.6,18.3,17.1,17.75,593956.0,MORI
2022-12-06,17.45,17.75,17.3,17.4,201291.0,MORI
2022-12-07,17.8,18.9,17.7,18.65,591462.0,MORI
2022-12-12,18.65,18.65,18.0,18.4,145869.0,MORI
2022-12-13,18.6,18.85,17.9,18.1,86222.0,MORI
2022-12-14,18.3,18.5,18.0,18.25,159945.0,MORI
2022-12-15,18.25,18.75,17.8,18.05,172101.0,MORI
2022-12-16,18.3,18.3,17.05,17.65,83168.0,MORI
2022-12-19,17.9,18.4,17.5,17.95,218208.0,MORI
2022-12-20,18.5,18.5,17.8,18.05,3867.0,MORI
2022-12-21,18.25,18.7,17.8,18.65,225448.0,MORI
2022-12-22,18.9,19.75,18.5,19.6,588111.0,MORI
2022-12-23,19.6,21.6,19.1,21.25,876379.0,MORI
2022-12-26,21.25,22.5,21.0,22.25,628956.0,MORI
2022-12-27,22.5,23.75,22.5,23.5,808067.0,MORI
2022-12-28,23.5,23.9,22.1,22.45,816786.0,MORI
2022-12-29,22.9,23.0,21.5,22.1,528455.0,MORI
2022-12-30,21.45,22.45,21.45,22.0,298249.0,MORI
2023-01-02,22.0,23.15,21.55,22.95,276832.0,MORI
2023-01-03,22.95,23.4,22.0,22.5,137399.0,MORI
2023-01-04,22.5,23.1,22.45,22.75,90163.0,MORI
2023-01-05,22.9,23.3,22.55,23.1,196143.0,MORI
2023-01-06,23.7,24.15,23.1,23.15,145865.0,MORI
2023-01-09,23.7,23.7,22.3,22.5,222644.0,MORI
2023-01-10,22.6,23.35,22.0,22.15,151641.0,MORI
2023-01-11,22.5,23.0,22.0,22.1,194819.0,MORI
2023-01-12,23.15,23.85,21.8,23.55,301035.0,MORI
2023-01-13,23.5,24.15,22.3,23.35,284518.0,MORI
2023-01-16,23.3,24.95,22.7,23.5,326004.0,MORI
2023-01-17,24.0,25.45,23.8,25.3,752613.0,MORI
2023-01-18,25.5,26.05,23.0,23.95,523071.0,MORI
2023-01-19,23.0,24.9,22.0,23.65,420920.0,MORI
2023-01-20,24.3,25.3,23.45,24.75,344395.0,MORI
2023-01-23,25.1,25.9,24.3,24.4,406254.0,MORI
2023-01-24,24.5,24.5,23.85,24.45,175636.0,MORI
2023-01-25,24.9,25.25,23.8,25.0,145572.0,MORI
2023-01-26,25.5,26.0,23.9,24.05,722627.0,MORI
2023-01-27,24.1,24.5,23.2,23.65,533020.0,MORI
2023-01-30,23.15,24.5,23.1,23.3,211956.0,MORI
2023-01-31,23.5,24.2,22.65,23.9,151378.0,MORI
2023-02-01,24.1,24.1,23.2,23.5,124006.0,MORI
2023-02-02,23.15,24.0,23.15,23.35,92491.0,MORI
2023-02-03,23.0,23.9,22.75,22.95,60821.0,MORI
2023-02-06,22.8,23.85,22.75,22.95,82448.0,MORI
2023-02-07,23.4,23.4,22.3,22.55,105522.0,MORI
2023-02-08,23.0,23.0,22.5,23.0,40563.0,MORI
2023-02-09,22.7,23.25,22.55,22.95,81852.0,MORI
2023-02-10,23.4,23.5,22.7,22.8,74437.0,MORI
2023-02-13,22.6,23.35,21.8,22.95,140848.0,MORI
2023-02-14,23.45,23.45,22.9,22.95,123961.0,MORI
2023-02-15,23.0,23.4,22.45,22.5,102259.0,MORI
2023-02-16,22.5,23.0,22.1,22.65,260121.0,MORI
2023-02-17,22.8,23.45,22.5,22.7,304967.0,MORI
2023-02-22,22.3,23.0,22.0,22.25,106724.0,MORI
2023-02-23,22.25,22.85,22.0,22.6,167323.0,MORI
2023-02-24,23.0,23.0,21.8,22.3,217474.0,MORI
2023-02-27,22.15,22.85,22.1,22.7,52220.0,MORI
2023-02-28,23.2,23.2,22.1,22.5,54423.0,MORI
2023-03-01,22.9,24.0,22.65,23.5,149879.0,MORI
2023-03-02,23.5,23.95,22.9,23.2,123522.0,MORI
2023-03-03,22.95,23.7,22.95,23.25,58701.0,MORI
2023-03-06,23.5,23.9,22.65,23.1,131631.0,MORI
2023-03-07,23.2,23.2,22.2,22.85,44421.0,MORI
2023-03-08,22.5,23.3,22.1,22.75,43470.0,MORI
2023-03-09,22.9,23.1,22.2,22.7,72910.0,MORI
2023-03-10,22.55,22.8,21.55,21.95,141283.0,MORI
2023-03-13,22.0,22.0,19.8,20.75,307734.0,MORI
2023-03-14,20.6,21.5,20.0,20.1,79084.0,MORI
2023-03-15,20.0,20.0,18.7,19.15,85264.0,MORI
2023-03-16,18.75,20.85,18.75,20.3,66284.0,MORI
2023-03-17,21.0,21.0,19.7,20.9,101706.0,MORI
2023-03-20,21.25,21.25,20.6,20.7,96009.0,MORI
2023-03-21,21.0,21.0,19.7,20.7,122551.0,MORI
2023-03-22,21.0,21.0,20.0,20.3,40233.0,MORI
2023-03-23,20.5,20.9,19.55,20.0,91524.0,MORI
2023-03-27,19.25,21.4,19.0,20.6,202878.0,MORI
2023-03-28,20.2,21.7,20.1,21.45,115225.0,MORI
2023-03-29,21.3,22.2,21.1,21.9,684812.0,MORI
2023-03-30,21.5,22.75,21.5,22.1,154252.0,MORI
2023-03-31,22.1,22.8,21.0,21.4,104615.0,MORI
2023-04-03,21.0,21.9,20.7,21.7,139415.0,MORI
2023-04-04,22.0,22.7,21.4,21.65,203389.0,MORI
2023-04-05,22.5,22.5,21.15,22.0,235152.0,MORI
2023-04-10,23.0,23.0,22.05,22.35,161346.0,MORI
2023-04-11,22.85,23.6,22.25,23.45,306704.0,MORI
2023-04-12,23.8,24.0,23.35,23.5,359900.0,MORI
2023-04-13,23.4,24.4,23.4,24.35,372135.0,MORI
2023-04-14,24.35,24.9,23.8,24.8,276644.0,MORI
2023-04-17,24.8,25.3,24.5,25.05,187476.0,MORI
2023-04-18,25.3,27.25,25.3,26.9,769629.0,MORI
2023-04-19,27.5,29.5,27.0,27.95,619964.0,MORI
2023-04-20,28.5,29.2,26.6,28.6,265094.0,MORI
2023-04-21,28.7,29.4,28.15,29.4,215829.0,MORI
2023-04-24,29.4,31.65,28.2,31.35,388226.0,MORI
2023-04-25,31.65,33.0,31.65,32.45,364019.0,MORI
2023-04-26,32.55,32.55,31.0,31.9,368076.0,MORI
2023-04-27,31.95,33.8,31.95,33.1,464449.0,MORI
2023-04-28,34.0,34.0,31.85,32.9,224409.0,MORI
2023-05-02,33.5,33.5,31.0,32.05,207372.0,MORI
2023-05-03,33.0,33.0,30.25,30.4,191231.0,MORI
2023-05-04,30.1,32.5,29.85,31.6,158980.0,MORI
2023-05-05,31.15,33.85,31.15,33.5,390806.0,MORI
2023-05-08,33.8,34.45,32.5,33.7,350641.0,MORI
2023-05-09,34.25,34.45,33.5,33.75,188587.0,MORI
2023-05-10,34.35,34.4,33.0,33.45,169052.0,MORI
2023-05-11,34.0,34.0,33.15,33.9,312137.0,MORI
2023-05-12,34.0,34.35,33.3,34.05,235637.0,MORI
2023-05-15,33.8,34.1,32.0,33.15,325106.0,MORI
2023-05-16,33.3,33.45,32.5,32.9,265522.0,MORI
2023-05-17,32.9,34.7,32.3,34.35,766492.0,MORI
2023-05-18,34.5,35.0,33.8,34.85,301101.0,MORI
2023-05-19,35.0,35.6,34.1,35.3,296388.0,MORI
2023-05-22,35.5,35.8,34.1,34.55,233262.0,MORI
2023-05-23,35.1,35.15,34.0,35.0,347192.0,MORI
2023-05-24,35.4,35.4,33.6,34.55,157893.0,MORI
2023-05-29,34.1,34.8,34.1,34.35,198199.0,MORI
2023-05-30,34.7,34.7,33.4,34.0,223566.0,MORI
2023-05-31,34.9,34.9,33.35,33.6,180825.0,MORI
2023-06-01,34.0,35.5,33.05,35.35,318469.0,MORI
2023-06-02,34.45,37.0,34.4,36.8,317367.0,MORI
2023-06-05,36.9,38.2,36.9,37.9,434463.0,MORI
2023-06-06,38.2,39.0,36.8,37.95,282118.0,MORI
2023-06-07,38.9,38.9,37.1,38.1,230624.0,MORI
2023-06-08,38.7,38.7,37.05,38.0,69722.0,MORI
2023-06-09,38.5,38.5,36.6,37.8,178978.0,MORI
2023-06-12,37.9,38.5,36.95,37.5,155492.0,MORI
2023-06-13,37.5,38.0,36.1,36.7,91701.0,MORI
2023-06-14,36.1,37.75,36.1,37.5,416157.0,MORI
2023-06-15,38.3,38.3,36.55,38.0,313193.0,MORI
2023-06-16,38.9,38.9,37.15,38.35,188683.0,MORI
2023-06-21,38.9,38.9,37.9,38.35,423029.0,MORI
2023-06-22,38.4,38.9,38.3,38.35,255577.0,MORI
2023-06-23,38.0,40.0,37.5,39.6,297037.0,MORI
2023-06-26,40.1,42.9,38.5,39.3,353754.0,MORI
2023-06-27,40.3,40.3,37.45,38.05,197437.0,MORI
2023-06-28,38.5,39.1,37.0,38.05,314233.0,MORI
2023-06-29,38.2,39.0,37.5,38.8,146033.0,MORI
2023-06-30,39.2,39.5,37.6,38.9,132015.0,MORI
2023-07-03,39.7,39.8,38.4,38.95,188884.0,MORI
2023-07-04,39.5,39.8,38.25,38.5,160194.0,MORI
2023-07-05,38.95,39.0,38.2,38.3,94487.0,MORI
2023-07-06,38.3,39.0,36.6,37.55,222175.0,MORI
2023-07-07,36.5,39.45,36.5,37.25,1021986.0,MORI
2023-07-10,37.3,37.5,36.2,36.35,1044867.0,MORI
2023-07-11,36.0,36.6,35.8,36.15,846314.0,MORI
2023-07-12,36.4,36.4,35.75,35.9,1925125.0,MORI
2023-07-13,35.9,36.55,35.75,35.95,2283781.0,MORI
2023-07-14,35.8,36.7,34.6,36.0,2529378.0,MORI
2023-07-17,37.0,41.9,36.9,40.7,1838691.0,MORI
2023-07-18,40.9,43.95,40.9,42.75,4968841.0,MORI
2023-07-19,43.0,43.85,39.6,40.75,1495870.0,MORI
2023-07-20,41.95,42.9,40.0,42.35,660337.0,MORI
2023-07-21,43.0,43.0,41.5,42.65,469943.0,MORI
2023-07-24,42.5,43.25,40.3,40.7,580182.0,MORI
2023-07-25,41.8,41.8,39.7,40.3,588740.0,MORI
2023-07-26,41.1,41.85,39.8,41.2,347655.0,MORI
2023-07-27,41.8,41.9,40.5,40.55,373990.0,MORI
2023-07-28,40.7,41.75,39.5,40.1,528103.0,MORI
2023-07-31,39.7,40.5,39.35,39.85,937222.0,MORI
2023-08-01,39.5,41.0,39.5,39.9,258874.0,MORI
2023-08-02,41.5,41.5,39.85,40.45,379695.0,MORI
2023-08-03,40.15,41.0,40.0,40.1,587580.0,MORI
2023-08-04,40.5,41.5,39.5,39.95,862412.0,MORI
2023-08-07,40.5,40.7,36.0,38.1,1148683.0,MORI
2023-08-08,38.0,39.9,36.4,38.0,817133.0,MORI
2023-08-09,38.0,38.8,36.7,37.25,309309.0,MORI
2023-08-10,37.95,38.2,36.05,37.25,302372.0,MORI
2023-08-11,37.0,38.6,36.5,37.75,341171.0,MORI
2023-08-14,36.25,40.8,36.25,39.75,293599.0,MORI
2023-08-15,39.75,40.95,39.55,40.55,705167.0,MORI
2023-08-16,41.15,49.45,41.15,48.8,1054961.0,MORI
2023-08-17,49.0,59.0,49.0,56.1,2589447.0,MORI
2023-08-18,57.9,59.2,52.0,56.3,1398770.0,MORI
2023-08-22,54.5,55.3,51.5,54.8,723025.0,MORI
2023-08-23,54.7,57.0,52.5,54.9,499640.0,MORI
2023-08-24,55.9,55.9,53.6,54.3,221256.0,MORI
2023-08-25,54.3,59.0,54.3,56.6,1005915.0,MORI
2023-08-28,57.6,60.0,57.0,59.3,1121065.0,MORI
2023-08-29,60.0,61.5,57.7,58.9,798679.0,MORI
2023-08-30,59.8,59.8,56.0,56.3,360824.0,MORI
2023-08-31,56.5,56.5,55.0,55.7,488725.0,MORI
2023-09-01,56.2,59.0,54.2,55.0,312827.0,MORI
2023-09-04,56.9,58.2,53.6,56.0,286315.0,MORI
2023-09-05,57.0,57.9,53.5,53.8,215697.0,MORI
2023-09-06,53.8,57.9,52.5,55.2,252042.0,MORI
2023-09-07,54.0,54.0,51.5,52.3,285569.0,MORI
2023-09-08,52.3,53.4,48.95,49.6,338576.0,MORI
2023-09-12,48.8,52.0,47.0,51.0,198500.0,MORI
2023-09-13,50.3,54.0,50.3,52.4,166154.0,MORI
2023-09-14,53.4,53.4,51.1,51.6,117743.0,MORI
2023-09-15,51.6,52.3,49.0,50.7,100279.0,MORI
2023-09-18,51.8,51.8,48.8,49.45,188742.0,MORI
2023-09-19,48.55,49.45,46.0,47.8,348970.0,MORI
2023-09-20,47.95,47.95,45.0,45.35,320929.0,MORI
2023-09-21,44.55,45.0,42.1,44.5,418906.0,MORI
2023-09-22,44.0,47.5,43.0,45.9,172116.0,MORI
2023-09-25,45.15,46.9,42.0,45.2,290381.0,MORI
2023-09-26,43.7,45.5,42.9,43.05,452056.0,MORI
2023-09-27,43.1,44.2,40.5,43.75,609811.0,MORI
2023-09-28,44.0,45.7,42.8,44.9,223957.0,MORI
2023-09-29,45.35,46.9,43.1,44.0,200945.0,MORI
2023-10-02,45.0,46.5,43.0,43.85,94216.0,MORI
2023-10-03,44.2,44.4,42.0,42.85,609217.0,MORI
2023-10-04,43.0,45.0,42.1,44.4,215110.0,MORI
2023-10-05,45.0,49.0,44.0,46.95,487825.0,MORI
2023-10-06,46.85,51.4,46.85,50.3,472151.0,MORI
2023-10-09,51.5,53.8,51.0,52.5,197470.0,MORI
2023-10-10,54.6,56.0,53.0,55.5,399014.0,MORI
2023-10-11,56.0,59.0,52.6,56.1,372243.0,MORI
2023-10-12,57.0,57.3,54.6,56.3,732013.0,MORI
2023-10-17,57.0,62.0,57.0,59.4,641011.0,MORI
2023-10-18,59.6,61.0,56.3,58.0,682647.0,MORI
2023-10-19,58.0,58.7,54.2,56.2,317524.0,MORI
2023-10-20,56.2,58.3,55.0,56.4,781430.0,MORI
2023-10-23,56.0,56.0,50.0,51.7,278108.0,MORI
2023-10-24,52.2,54.0,48.0,49.55,203206.0,MORI
2023-10-25,50.0,52.5,48.0,51.2,83998.0,MORI
2023-10-26,51.4,53.5,49.1,50.1,110724.0,MORI
2023-10-27,50.5,53.0,48.0,48.25,64848.0,MORI
2023-10-30,47.1,48.9,44.6,45.6,294774.0,MORI
2023-10-31,45.6,48.0,43.25,45.9,209750.0,MORI
2023-11-01,46.2,51.2,44.4,50.6,207092.0,MORI
2023-11-02,49.5,53.0,48.5,52.4,174359.0,MORI
2023-11-03,52.5,54.5,49.0,50.1,218260.0,MORI
2023-11-07,50.0,50.0,47.6,48.2,55246.0,MORI
2023-11-08,48.2,48.95,46.1,46.45,179116.0,MORI
2023-11-09,47.95,48.8,45.45,47.45,144531.0,MORI
2023-11-10,48.0,49.55,46.7,49.3,349359.0,MORI
2023-11-13,48.0,50.0,47.4,48.15,211272.0,MORI
2023-11-14,49.9,49.9,47.3,48.6,404255.0,MORI
2023-11-15,49.0,49.95,46.2,46.75,214019.0,MORI
2023-11-16,48.0,48.9,45.1,45.5,226343.0,MORI
2023-11-17,47.5,47.5,45.0,47.05,137092.0,MORI
2023-11-21,51.0,59.0,49.0,52.8,419796.0,MORI
2023-11-22,55.0,58.9,53.1,56.9,628360.0,MORI
2023-11-23,58.9,63.9,56.0,63.1,434276.0,MORI
2023-11-24,63.0,71.0,63.0,68.1,591614.0,MORI
2023-11-27,69.5,72.4,60.0,63.6,375847.0,MORI
2023-11-28,63.0,65.0,58.0,59.2,362180.0,MORI
2023-11-29,58.0,61.6,57.0,58.6,397031.0,MORI
2023-11-30,58.3,60.0,55.5,57.4,426093.0,MORI
2023-12-01,57.5,68.2,56.1,65.6,767877.0,MORI
2023-12-04,64.1,69.0,64.1,68.2,570663.0,MORI
2023-12-05,69.0,74.9,67.0,73.1,781189.0,MORI
2023-12-06,70.5,85.6,70.5,76.7,1120046.0,MORI
2023-12-07,80.0,87.5,80.0,81.5,1146465.0,MORI
2023-12-11,84.2,88.7,76.2,85.4,885992.0,MORI
2023-12-12,86.7,90.0,83.0,87.5,809987.0,MORI
2023-12-13,91.1,94.9,82.0,87.1,743529.0,MORI
2023-12-14,87.2,90.0,82.0,85.8,581861.0,MORI
2023-12-15,88.9,88.9,78.5,81.7,595491.0,MORI
2023-12-18,82.0,82.9,77.5,79.1,308894.0,MORI
2023-12-19,82.9,83.0,78.1,80.3,449812.0,MORI
2023-12-20,82.5,86.5,81.0,85.4,567662.0,MORI
2023-12-21,86.1,91.7,86.1,87.3,580091.0,MORI
2023-12-22,90.7,90.8,83.0,88.7,316046.0,MORI
2023-12-26,88.7,89.9,82.0,85.5,323770.0,MORI
2023-12-27,85.0,87.0,80.6,81.0,454612.0,MORI
2023-12-28,78.5,82.9,78.5,81.9,249059.0,MORI
2023-12-29,83.5,84.1,80.0,83.8,202765.0,MORI
2024-01-02,84.2,91.8,83.0,84.5,361345.0,MORI
2024-01-03,86.0,87.7,83.1,84.0,324576.0,MORI
2024-01-04,84.5,90.0,82.8,86.8,274109.0,MORI
2024-01-05,88.0,92.0,84.0,89.0,403743.0,MORI
2024-01-08,91.8,109.0,87.7,99.8,765313.0,MORI
2024-01-09,103.0,110.0,100.75,106.5,1042178.0,MORI
2024-01-10,108.25,120.0,105.0,107.5,1096941.0,MORI
2024-01-11,111.0,118.75,107.5,112.75,1015677.0,MORI
2024-01-12,114.75,118.5,112.75,116.75,931780.0,MORI
2024-01-15,115.75,125.0,115.5,121.0,782045.0,MORI
2024-01-16,123.0,123.0,114.0,115.5,662323.0,MORI
2024-01-17,118.75,118.75,111.0,112.75,845438.0,MORI
2024-01-18,115.0,123.0,110.0,119.5,747557.0,MORI
2024-01-19,118.75,120.5,114.5,119.5,455045.0,MORI
2024-01-22,120.0,136.0,120.0,131.25,702792.0,MORI
2024-01-23,132.75,138.0,126.0,130.75,692000.0,MORI
2024-01-24,135.0,137.5,128.0,132.25,1274767.0,MORI
2024-01-25,133.0,148.0,131.75,144.5,1269311.0,MORI
2024-01-26,148.0,160.0,138.5,143.5,882227.0,MORI
2024-01-29,144.0,155.0,132.25,147.0,676662.0,MORI
2024-01-30,148.5,156.0,147.0,151.5,427960.0,MORI
2024-01-31,153.0,171.0,152.0,166.5,771281.0,MORI
2024-02-01,170.5,187.0,168.0,185.25,1477300.0,MORI
2024-02-02,186.0,195.0,184.0,190.0,900559.0,MORI
2024-02-05,198.5,198.5,178.0,180.0,835995.0,MORI
2024-02-06,184.0,191.0,159.5,162.25,831435.0,MORI
2024-02-07,156.0,158.0,142.0,149.5,1228246.0,MORI
2024-02-08,151.0,161.0,150.5,158.5,925554.0,MORI
2024-02-09,163.0,184.5,160.5,174.0,847211.0,MORI
2024-02-14,172.5,179.0,160.0,162.75,548746.0,MORI
2024-02-15,167.75,168.0,152.0,154.0,480884.0,MORI
2024-02-16,155.0,158.0,142.5,149.25,432455.0,MORI
2024-02-19,154.5,155.0,142.0,148.25,310546.0,MORI
2024-02-20,148.0,149.0,142.0,144.25,295961.0,MORI
2024-02-21,145.0,150.0,130.5,137.75,1228461.0,MORI
2024-02-22,138.5,148.5,135.0,147.0,342342.0,MORI
2024-02-23,149.25,152.0,140.0,148.0,292150.0,MORI
2024-02-26,148.5,150.0,137.75,140.75,168335.0,MORI
2024-02-27,140.75,141.0,124.0,128.75,437171.0,MORI
2024-02-28,125.0,126.5,117.5,120.25,619520.0,MORI
2024-02-29,121.0,139.5,118.5,133.25,718844.0,MORI
2024-03-01,138.0,141.0,133.25,140.25,606507.0,MORI
2024-03-04,145.25,158.0,145.0,151.25,1167480.0,MORI
2024-03-05,146.0,153.75,130.0,132.5,379646.0,MORI
2024-03-06,132.5,136.0,124.0,130.0,647073.0,MORI
2024-03-07,130.0,130.0,121.0,124.75,307764.0,MORI
2024-03-08,124.25,130.0,121.0,123.5,215980.0,MORI
2024-03-11,120.0,136.5,120.0,134.5,424131.0,MORI
2024-03-12,133.0,147.0,132.0,145.25,684811.0,MORI
2024-03-13,145.25,159.0,145.25,147.25,456333.0,MORI
2024-03-14,148.5,148.5,135.0,142.0,435884.0,MORI
2024-03-15,143.0,145.0,136.5,140.25,244123.0,MORI
2024-03-18,137.0,144.5,130.0,136.25,752336.0,MORI
2024-03-19,138.0,140.5,132.5,136.5,953334.0,MORI
2024-03-20,137.25,149.75,132.0,147.75,380133.0,MORI
2024-03-21,148.0,153.5,144.0,148.5,499379.0,MORI
2024-03-22,149.0,150.0,139.75,147.0,213070.0,MORI
2024-03-25,147.5,148.75,140.25,140.5,353585.0,MORI
2024-03-26,140.5,144.0,132.5,139.75,362595.0,MORI
2024-03-27,146.0,146.0,135.75,140.0,315393.0,MORI
2024-04-03,141.0,141.0,135.0,136.25,174950.0,MORI
2024-04-04,139.0,142.0,132.0,134.75,416839.0,MORI
2024-04-05,136.5,139.75,132.5,138.5,268873.0,MORI
2024-04-08,140.0,145.0,134.75,137.5,293519.0,MORI
2024-04-09,142.0,142.0,132.5,140.0,305746.0,MORI
2024-04-10,141.0,142.0,137.0,139.5,290052.0,MORI
2024-04-11,138.5,142.0,136.5,141.5,218012.0,MORI
2024-04-12,141.5,150.0,141.0,146.75,372983.0,MORI
2024-04-15,152.0,152.0,137.0,139.0,301674.0,MORI
2024-04-16,138.25,141.0,130.0,136.0,365903.0,MORI
2024-04-17,137.5,140.0,133.0,133.75,122829.0,MORI
2024-04-18,134.25,139.5,130.25,132.75,188616.0,MORI
2024-04-19,131.25,136.0,131.25,132.0,103186.0,MORI
2024-04-22,133.0,136.75,132.0,136.0,352033.0,MORI
2024-04-23,141.25,141.25,133.75,135.25,135921.0,MORI
2024-04-24,138.0,139.0,130.0,132.25,180734.0,MORI
2024-04-25,134.5,135.5,125.0,133.75,121698.0,MORI
2024-04-26,133.75,137.5,131.5,133.25,221834.0,MORI
2024-04-29,133.5,133.5,130.0,131.75,227213.0,MORI
2024-04-30,132.25,134.0,128.0,129.5,308394.0,MORI
2024-05-02,131.0,145.0,129.5,142.75,737626.0,MORI
2024-05-03,144.75,156.0,142.75,152.75,826549.0,MORI
2024-05-06,154.0,172.75,154.0,170.25,1101842.0,MORI
2024-05-07,171.0,188.0,170.0,178.75,1057133.0,MORI
2024-05-08,178.75,179.75,166.0,171.25,641641.0,MORI
2024-05-09,173.0,178.5,160.0,167.75,495439.0,MORI
2024-05-10,166.0,176.0,160.0,174.75,279516.0,MORI
2024-05-13,177.5,179.0,165.0,167.0,444339.0,MORI
2024-05-14,170.0,174.5,162.0,170.25,399643.0,MORI
2024-05-15,174.5,178.75,170.25,176.0,535273.0,MORI
2024-05-16,173.0,185.0,173.0,182.75,543149.0,MORI
2024-05-17,182.0,187.0,171.0,174.75,520559.0,MORI
2024-05-20,178.0,179.25,169.0,175.0,225064.0,MORI
2024-05-21,177.0,179.0,172.0,177.75,437682.0,MORI
2024-05-22,175.0,185.5,173.0,176.75,220775.0,MORI
2024-05-23,176.25,180.0,173.0,176.0,445183.0,MORI
2024-05-24,178.5,183.0,176.0,182.0,353730.0,MORI
2024-05-27,184.0,195.0,179.25,187.0,405193.0,MORI
2024-05-28,188.0,195.0,185.0,193.75,324497.0,MORI
2024-05-29,196.0,215.0,196.0,214.25,916752.0,MORI
2024-05-30,220.0,249.0,220.0,247.75,2640855.0,MORI
2024-05-31,253.0,278.0,252.0,263.0,2148240.0,MORI
2024-06-03,260.0,277.0,248.0,254.5,1310054.0,MORI
2024-06-04,255.0,255.0,222.0,244.75,946610.0,MORI
2024-06-05,240.0,263.0,217.0,258.0,885462.0,MORI
2024-06-06,257.0,257.0,233.0,240.5,1055093.0,MORI
2024-06-07,240.0,261.5,230.25,259.0,1043964.0,MORI
2024-06-10,259.0,298.5,259.0,287.0,1567644.0,MORI
2024-06-11,301.0,313.5,280.0,285.5,2286383.0,MORI
2024-06-12,295.0,312.0,293.0,304.5,1564187.0,MORI
2024-06-13,315.0,350.0,303.5,318.5,2155713.0,MORI
2024-06-14,321.0,339.0,321.0,331.5,1206535.0,MORI
2024-06-18,334.0,356.0,324.0,346.5,1319350.0,MORI
2024-06-19,356.0,372.0,356.0,369.5,1627235.0,MORI
2024-06-24,369.5,410.0,369.0,406.0,1608718.0,MORI
2024-06-25,416.0,445.0,412.0,434.0,1809449.0,MORI
2024-06-26,434.0,442.5,371.0,386.5,2235772.0,MORI
2024-06-27,387.0,394.0,350.0,360.5,2529961.0,MORI
2024-06-28,359.5,383.0,352.5,368.5,1178185.0,MORI
2024-07-01,370.0,392.0,358.0,387.0,1163040.0,MORI
2024-07-02,400.0,435.0,393.0,413.5,1302195.0,MORI
2024-07-03,415.0,430.0,385.0,411.0,1427850.0,MORI
2024-07-04,408.5,424.0,389.0,404.5,938425.0,MORI
2024-07-05,409.5,410.5,385.0,390.0,825330.0,MORI
2024-07-08,390.0,390.0,360.5,364.0,1042912.0,MORI
2024-07-10,367.0,393.0,360.0,391.5,821299.0,MORI
2024-07-11,395.0,400.0,375.0,388.0,717194.0,MORI
2024-07-12,388.0,388.0,367.5,377.5,911934.0,MORI
2024-07-15,377.0,377.5,340.0,343.0,966017.0,MORI
2024-07-16,338.0,378.0,285.0,370.0,1479621.0,MORI
2024-07-17,376.0,399.0,357.0,361.0,563345.0,MORI
2024-07-18,360.0,380.0,345.0,363.0,455049.0,MORI
2024-07-19,362.5,379.0,351.0,359.0,532552.0,MORI
2024-07-22,366.0,366.0,344.0,347.5,591526.0,MORI
2024-07-23,347.0,363.0,342.0,357.0,465193.0,MORI
2024-07-24,362.5,380.0,359.0,370.5,647763.0,MORI
2024-07-25,379.5,379.5,352.0,366.0,420235.0,MORI
2024-07-26,366.0,376.5,347.0,357.5,436481.0,MORI
2024-07-29,357.5,367.5,321.5,332.5,453538.0,MORI
2024-07-30,330.0,330.0,295.5,305.0,1074120.0,MORI
2024-07-31,310.0,360.0,305.0,357.5,892588.0,MORI
2024-08-01,366.0,380.0,345.0,355.5,904912.0,MORI
2024-08-02,356.0,356.0,330.0,339.5,710630.0,MORI
2024-08-05,330.0,335.5,294.0,321.5,845205.0,MORI
2024-08-06,335.0,350.0,320.0,348.0,724146.0,MORI
2024-08-07,358.0,358.0,330.0,332.5,441890.0,MORI
2024-08-08,339.0,357.0,327.5,332.0,748297.0,MORI
2024-08-09,335.0,338.0,310.0,327.0,809204.0,MORI
2024-08-12,327.0,338.0,320.0,326.0,522889.0,MORI
2024-08-13,325.0,329.0,310.0,322.0,737368.0,MORI
2024-08-14,326.0,338.0,318.5,324.5,730569.0,MORI
2024-08-15,324.0,334.0,321.0,327.0,454936.0,MORI
2024-08-16,328.0,366.0,324.0,361.0,1362347.0,MORI
2024-08-19,365.0,375.0,351.5,362.0,870169.0,MORI
2024-08-20,363.0,368.0,345.0,349.5,649916.0,MORI
2024-08-21,344.0,350.0,332.5,335.5,653724.0,MORI
2024-08-22,335.0,335.0,320.5,326.0,366088.0,MORI
2024-08-23,331.0,339.0,328.0,331.5,270512.0,MORI
2024-08-26,331.5,331.5,324.0,326.5,321727.0,MORI
2024-08-27,327.0,332.0,322.0,329.0,228314.0,MORI
2024-08-28,328.5,332.0,317.5,321.0,396594.0,MORI
2024-08-29,322.0,335.0,322.0,326.5,326272.0,MORI
2024-08-30,330.0,344.0,328.5,338.5,753350.0,MORI
2024-09-02,340.5,351.0,331.0,344.0,921707.0,MORI
2024-09-03,345.0,346.0,333.0,335.0,470444.0,MORI
2024-09-04,336.0,349.0,330.0,331.5,652317.0,MORI
2024-09-05,331.5,353.0,326.0,351.5,1364553.0,MORI
2024-09-06,353.0,359.5,340.0,345.5,672010.0,MORI
2024-09-09,346.0,359.0,325.0,354.0,446816.0,MORI
2024-09-10,354.0,354.0,338.5,340.5,527147.0,MORI
2024-09-11,341.0,354.0,333.5,345.0,468521.0,MORI
2024-09-12,344.0,359.0,343.0,356.5,723635.0,MORI
2024-09-13,359.0,382.0,359.0,368.0,828501.0,MORI
2024-09-16,375.0,378.0,350.5,356.5,653522.0,MORI
2024-09-17,356.5,356.5,343.0,345.0,586676.0,MORI
2024-09-18,352.5,352.5,332.0,336.0,410289.0,MORI
2024-09-19,338.0,348.5,336.0,337.5,517971.0,MORI
2024-09-20,340.0,340.0,320.0,326.5,669493.0,MORI
2024-09-23,330.0,333.0,316.0,320.0,415640.0,MORI
2024-09-24,323.0,347.0,319.5,328.5,714476.0,MORI
2024-09-25,333.0,333.0,320.0,324.5,390660.0,MORI
2024-09-26,322.5,332.5,316.0,318.5,692540.0,MORI
2024-09-27,322.5,324.0,314.5,320.5,176197.0,MORI
2024-09-30,323.0,332.0,316.0,321.0,269719.0,MORI
2024-10-01,318.0,325.0,316.0,319.5,371632.0,MORI
2024-10-02,320.0,328.0,317.0,326.5,379313.0,MORI
2024-10-03,330.0,335.0,321.0,322.0,261466.0,MORI
2024-10-04,325.5,329.5,321.0,328.0,281863.0,MORI
2024-10-07,330.0,342.5,322.5,325.0,367560.0,MORI
2024-10-08,325.0,329.5,320.0,325.5,210066.0,MORI
2024-10-09,320.5,331.0,320.0,322.0,339489.0,MORI
2024-10-10,322.0,329.0,318.0,322.5,244391.0,MORI
2024-10-14,324.0,325.0,314.0,315.5,516172.0,MORI
2024-10-15,315.0,317.0,304.0,305.5,748454.0,MORI
2024-10-16,305.0,309.5,288.0,292.5,561625.0,MORI
2024-10-17,293.5,298.0,270.0,293.0,1501917.0,MORI
2024-10-18,293.5,299.0,288.0,290.5,634779.0,MORI
2024-10-21,292.0,294.0,282.0,283.0,503186.0,MORI
2024-10-22,281.0,283.0,262.5,266.5,1101452.0,MORI
2024-10-23,266.0,276.5,253.0,265.0,809666.0,MORI
2024-10-24,266.5,285.0,266.5,278.0,416484.0,MORI
2024-10-25,286.0,298.0,286.0,293.5,673077.0,MORI
2024-10-28,290.0,300.0,280.0,285.0,453870.0,MORI
2024-10-29,295.0,297.0,274.0,275.5,568296.0,MORI
2024-10-30,275.5,290.0,268.0,287.5,626575.0,MORI
2024-10-31,280.0,294.0,279.0,280.0,199328.0,MORI
2024-11-01,291.5,292.0,279.5,287.5,370561.0,MORI
2024-11-04,289.5,292.0,282.5,283.5,391008.0,MORI
2024-11-05,283.0,292.0,276.0,277.5,472872.0,MORI
2024-11-06,284.0,288.5,272.0,278.0,537638.0,MORI
2024-11-07,278.0,283.0,272.0,273.0,658445.0,MORI
2024-11-08,272.0,278.0,261.5,263.5,560053.0,MORI
2024-11-11,269.0,269.0,261.5,263.0,372206.0,MORI
2024-11-12,262.0,267.0,260.0,263.5,364058.0,MORI
2024-11-13,265.0,267.5,253.0,258.5,902393.0,MORI
2024-11-14,260.0,299.0,254.5,294.0,1508692.0,MORI
2024-11-15,299.0,328.5,299.0,307.5,3172445.0,MORI
2024-11-19,314.0,322.0,301.5,310.0,749185.0,MORI
2024-11-20,311.0,317.0,305.0,307.0,667399.0,MORI
2024-11-21,314.0,324.0,303.5,321.0,1241537.0,MORI
2024-11-22,321.0,343.0,321.0,337.0,1206392.0,MORI
2024-11-25,337.5,351.0,330.0,334.5,993320.0,MORI
2024-11-26,336.0,344.5,315.0,328.0,658806.0,MORI
2024-11-27,328.0,334.5,305.0,313.0,599419.0,MORI
2024-11-28,314.0,323.0,305.0,322.0,231696.0,MORI
2024-11-29,324.0,338.0,318.0,323.0,365459.0,MORI
2024-12-02,318.0,338.5,318.0,336.5,727080.0,MORI
2024-12-03,340.0,343.5,320.0,328.0,690105.0,MORI
2024-12-04,328.5,334.5,303.0,308.0,1107882.0,MORI
2024-12-05,312.0,323.0,299.0,303.0,525410.0,MORI
2024-12-06,311.0,316.0,285.0,294.0,605689.0,MORI
2024-12-09,299.0,334.0,291.5,329.5,975440.0,MORI
2024-12-10,335.0,344.0,320.5,326.0,636939.0,MORI
2024-12-11,330.0,345.0,315.0,339.5,809323.0,MORI
2024-12-12,340.0,372.0,340.0,368.0,1860964.0,MORI
2024-12-13,368.0,379.0,347.5,351.5,1484575.0,MORI
2024-12-16,351.0,371.0,351.0,354.5,1038520.0,MORI
2024-12-17,344.0,380.0,340.0,371.5,1032770.0,MORI
2024-12-18,370.0,395.0,368.0,373.5,1620895.0,MORI
2024-12-19,365.0,380.0,341.0,355.0,789962.0,MORI
2024-12-20,359.5,390.0,341.0,383.0,778299.0,MORI
2024-12-23,383.0,411.0,375.0,402.0,1578657.0,MORI
2024-12-24,403.0,420.0,401.0,413.0,500738.0,MORI
2024-12-26,415.0,419.5,405.0,406.0,832294.0,MORI
2024-12-27,409.0,415.0,382.0,393.0,932459.0,MORI
2024-12-30,395.0,405.5,371.0,377.5,504087.0,MORI
2025-01-02,380.0,394.0,379.5,384.5,505439.0,MORI
2025-01-03,388.0,394.0,374.0,375.5,577641.0,MORI
2025-01-06,372.0,389.5,366.5,378.0,702840.0,MORI
2025-01-07,379.0,383.5,368.0,372.0,636263.0,MORI
2025-01-08,375.0,375.0,356.0,359.5,613029.0,MORI
2025-01-09,366.0,369.0,351.5,354.0,531164.0,MORI
2025-01-10,353.0,365.0,345.0,359.0,543564.0,MORI
2025-01-13,359.5,367.0,340.0,341.5,475764.0,MORI
2025-01-14,349.0,354.5,340.0,349.0,446056.0,MORI
2025-01-15,355.0,355.0,335.0,344.5,305955.0,MORI
2025-01-16,337.0,346.0,322.5,326.0,796861.0,MORI
2025-01-17,328.0,333.0,310.0,315.5,532654.0,MORI
2025-01-20,315.0,349.0,315.0,330.5,413468.0,MORI
2025-01-21,341.5,349.0,338.0,344.5,424146.0,MORI
2025-01-22,348.0,354.0,340.5,344.5,267392.0,MORI
2025-01-23,347.0,347.0,328.0,332.5,394529.0,MORI
2025-01-24,340.0,355.0,318.0,332.0,638689.0,MORI
2025-01-27,339.0,339.0,306.5,311.5,532082.0,MORI
2025-01-28,315.0,322.0,313.5,318.0,216668.0,MORI
2025-01-29,315.5,325.0,314.0,321.5,245406.0,MORI
2025-01-30,326.0,327.0,317.0,321.0,580601.0,MORI
2025-01-31,329.0,329.0,315.5,317.0,258837.0,MORI
2025-02-03,310.0,319.5,295.0,315.5,257763.0,MORI
2025-02-04,310.0,337.5,310.0,320.5,382521.0,MORI
2025-02-05,321.0,328.5,310.0,313.0,248117.0,MORI
2025-02-06,310.0,316.0,304.0,307.0,290488.0,MORI
2025-02-07,310.0,317.0,293.0,299.0,492256.0,MORI
2025-02-10,302.5,309.0,287.0,292.5,541038.0,MORI
2025-02-11,290.0,291.5,272.0,277.0,758471.0,MORI
2025-02-12,279.0,295.0,265.0,281.5,281643.0,MORI
2025-02-13,288.0,302.0,283.5,301.0,331921.0,MORI
2025-02-14,308.0,308.5,294.5,302.5,381754.0,MORI
2025-02-17,291.0,298.0,281.5,285.0,547655.0,MORI
2025-02-18,285.0,300.0,281.0,295.0,344985.0,MORI
2025-02-19,294.0,300.0,285.0,296.5,273338.0,MORI
2025-02-20,297.0,310.0,290.0,295.0,266640.0,MORI
2025-02-21,288.0,304.0,280.0,287.0,469476.0,MORI
2025-02-24,288.0,292.0,275.0,280.5,254570.0,MORI
2025-02-25,285.0,285.0,265.0,270.0,345123.0,MORI
2025-02-26,270.0,285.0,264.0,266.0,315533.0,MORI
2025-02-27,266.0,271.0,251.0,254.5,552151.0,MORI
2025-02-28,257.5,262.0,241.0,250.5,451763.0,MORI
2025-03-05,252.0,264.0,248.0,260.0,468299.0,MORI
2025-03-06,269.0,287.0,263.0,285.0,1064477.0,MORI
2025-03-07,291.0,306.0,286.0,293.0,604159.0,MORI
2025-03-10,290.0,294.0,272.0,279.5,347729.0,MORI
2025-03-11,288.0,292.0,268.0,277.0,231075.0,MORI
2025-03-12,277.0,289.0,262.5,288.0,390026.0,MORI
2025-03-13,289.0,289.0,273.0,279.0,197573.0,MORI
2025-03-14,284.5,284.5,272.0,279.5,312417.0,MORI
2025-03-17,279.5,282.5,273.0,278.0,290715.0,MORI
2025-03-18,271.0,282.5,260.0,264.0,290059.0,MORI
2025-03-19,267.0,279.0,265.0,268.5,216137.0,MORI
2025-03-20,269.5,273.0,265.5,267.0,129321.0,MORI
2025-03-21,268.0,276.0,260.5,274.0,188929.0,MORI
2025-03-25,284.0,284.0,271.0,276.5,645628.0,MORI
2025-03-26,275.0,275.0,267.0,274.0,470097.0,MORI
2025-03-27,275.0,282.0,267.0,273.5,441997.0,MORI
2025-03-28,277.5,277.5,264.5,265.5,147551.0,MORI
2025-03-31,265.5,270.0,253.0,261.5,188681.0,MORI
2025-04-01,268.0,275.0,263.5,268.5,279453.0,MORI
2025-04-03,262.0,265.0,252.5,256.5,230036.0,MORI
2025-04-04,251.0,275.0,216.0,259.0,801781.0,MORI
2025-04-07,245.0,255.0,226.5,234.0,337812.0,MORI
2025-04-08,241.0,250.0,209.0,210.75,330561.0,MORI
2025-04-09,220.0,230.0,186.0,226.25,812725.0,MORI
2025-04-10,228.0,228.0,215.25,222.0,210631.0,MORI
2025-04-11,226.5,238.0,222.25,233.5,207660.0,MORI
2025-04-14,248.0,264.5,234.5,252.5,435249.0,MORI
2025-04-15,254.5,279.0,246.0,263.5,620318.0,MORI
2025-04-16,265.0,278.0,236.0,245.25,840976.0,MORI
2025-04-21,242.0,242.0,218.0,220.5,275993.0,MORI
2025-04-22,215.0,232.5,215.0,227.25,183056.0,MORI
2025-04-23,232.5,247.0,232.5,245.0,351189.0,MORI
2025-04-24,240.0,266.0,240.0,256.5,505753.0,MORI
2025-04-25,255.0,275.0,255.0,264.5,327381.0,MORI
2025-04-28,262.5,271.5,240.0,249.75,340359.0,MORI
2025-04-29,255.0,255.0,237.5,250.0,121632.0,MORI
2025-04-30,248.0,250.0,235.0,238.5,250364.0,MORI
2025-05-05,238.5,238.5,230.0,233.75,195155.0,MORI
2025-05-06,240.0,255.0,237.5,252.0,265939.0,MORI
2025-05-07,250.0,315.0,245.75,268.5,611790.0,MORI
2025-05-08,275.0,285.0,253.0,266.5,204964.0,MORI
2025-05-09,260.0,275.0,260.0,267.5,204319.0,MORI
2025-05-12,279.0,293.5,260.0,270.0,362514.0,MORI
2025-05-13,269.0,269.0,260.5,265.5,373168.0,MORI
2025-05-14,262.0,275.0,251.0,266.5,626613.0,MORI
2025-05-15,269.0,280.0,258.0,268.5,412457.0,MORI
2025-05-16,269.0,271.5,261.0,266.5,282172.0,MORI
2025-05-19,268.0,273.5,250.0,260.0,677673.0,MORI
2025-05-20,261.5,265.5,256.0,260.5,270313.0,MORI
2025-05-21,271.5,273.0,261.0,271.0,579595.0,MORI
2025-05-22,271.0,290.0,267.0,287.0,810812.0,MORI
2025-05-23,287.0,291.0,275.0,285.5,561531.0,MORI
2025-05-26,285.0,291.0,280.0,282.5,144135.0,MORI
2025-05-27,283.0,288.5,270.0,272.5,342784.0,MORI
2025-05-28,270.0,278.5,264.0,272.5,326334.0,MORI
2025-05-29,268.0,273.0,260.0,265.0,179784.0,MORI
2025-05-30,262.5,275.0,258.0,259.0,169148.0,MORI
2025-06-02,259.0,269.5,246.0,253.0,219618.0,MORI
2025-06-03,250.5,263.0,245.0,253.0,157010.0,MORI
2025-06-04,253.0,258.0,241.5,248.5,545479.0,MORI
2025-06-05,248.0,256.0,240.0,243.5,212568.0,MORI
2025-06-06,245.0,247.0,237.5,240.0,200873.0,MORI
2025-06-09,239.5,243.0,232.0,235.0,191198.0,MORI
2025-06-10,236.5,245.0,234.5,243.0,221424.0,MORI
2025-06-11,247.0,249.0,235.0,235.75,191345.0,MORI
2025-06-12,240.0,240.0,225.0,230.0,186335.0,MORI
2025-06-13,235.0,235.75,218.0,218.75,244219.0,MORI
2025-06-17,218.0,220.75,207.0,216.25,177534.0,MORI
2025-06-18,219.0,225.0,214.0,221.25,205989.0,MORI
2025-06-19,220.0,224.0,218.0,219.75,73304.0,MORI
2025-06-23,218.0,218.0,205.0,207.0,229799.0,MORI
2025-06-24,208.0,219.75,208.0,212.25,322563.0,MORI
2025-06-25,214.0,215.75,204.0,206.75,269205.0,MORI
2025-06-26,206.0,211.25,201.0,207.75,248207.0,MORI
2025-06-27,205.75,220.0,203.0,212.5,205176.0,MORI
2025-06-30,207.25,216.25,200.0,205.5,239758.0,MORI
2025-07-01,204.0,212.75,200.25,205.0,181543.0,MORI
2025-07-02,205.0,214.0,200.0,212.75,209475.0,MORI
2025-07-03,211.25,219.75,211.25,215.25,154654.0,MORI
2025-07-04,216.0,228.0,212.0,219.75,213043.0,MORI
2025-07-07,224.75,225.0,212.5,215.0,149656.0,MORI
2025-07-08,217.25,220.0,210.5,219.25,175580.0,MORI
2025-07-10,219.0,219.25,210.0,213.75,176509.0,MORI
2025-07-11,213.0,220.0,205.0,208.25,131578.0,MORI
2025-07-14,212.0,213.0,200.0,210.75,185873.0,MORI
2025-07-15,210.5,214.0,207.0,211.25,125080.0,MORI
2025-07-16,212.0,212.0,207.25,209.75,123658.0,MORI
2025-07-17,208.25,220.0,205.0,206.25,132452.0,MORI
2025-07-18,205.0,215.0,204.0,205.5,233457.0,MORI
2025-07-21,205.5,210.0,200.0,200.75,272620.0,MORI
2025-07-22,201.0,201.0,192.0,195.0,246840.0,MORI
2025-07-23,198.0,202.75,196.0,201.5,322448.0,MORI
2025-07-24,202.25,204.5,197.75,203.75,230910.0,MORI
2025-07-25,205.0,212.0,205.0,211.0,199703.0,MORI
2025-07-28,218.5,232.0,209.75,231.25,670734.0,MORI
2025-07-29,232.5,243.5,230.0,233.25,694657.0,MORI
2025-07-30,232.0,243.5,224.5,229.0,247019.0,MORI
2025-07-31,225.0,233.25,218.0,223.75,444929.0,MORI
2025-08-01,220.0,224.0,211.0,218.5,285245.0,MORI
2025-08-04,220.75,224.0,214.5,221.0,230671.0,MORI
2025-08-05,225.0,252.0,222.25,248.0,758157.0,MORI
2025-08-06,245.0,258.0,238.0,249.5,753173.0,MORI
2025-08-07,250.0,254.0,237.0,239.0,198955.0,MORI
2025-08-08,241.0,244.5,227.75,232.5,229250.0,MORI
2025-08-11,230.5,238.5,228.0,230.25,135298.0,MORI
2025-08-12,232.75,235.0,219.0,226.0,199354.0,MORI
2025-08-13,227.0,230.5,221.0,222.0,136970.0,MORI
2025-08-14,222.0,222.0,205.75,211.75,224974.0,MORI
2025-08-18,214.0,214.0,206.0,209.25,162491.0,MORI
2025-08-19,215.0,215.0,201.5,208.0,124483.0,MORI
2025-08-20,204.0,215.0,203.25,205.5,128619.0,MORI
2025-08-21,206.0,209.5,200.0,204.5,132929.0,MORI
2025-08-22,209.25,209.25,200.25,205.5,138675.0,MORI
2025-08-25,205.5,213.5,195.0,196.25,299346.0,MORI
2025-08-26,197.0,206.5,190.0,200.0,261757.0,MORI
2025-08-27,198.0,199.5,182.0,190.0,253032.0,MORI
2025-08-28,192.0,199.0,191.5,191.75,123484.0,MORI
2025-08-29,191.0,192.0,181.5,183.0,269146.0,MORI
2025-09-01,180.0,199.5,172.5,182.0,619132.0,MORI
2025-09-02,190.0,207.5,183.25,202.75,823604.0,MORI
2025-09-03,204.0,214.25,196.0,201.5,590810.0,MORI
2025-09-04,203.0,209.75,197.0,199.5,222194.0,MORI
2025-09-05,29.0,39.0,29.0,36.0,2169024.0,MORI
2025-09-08,36.0,36.0,27.5,30.5,3162330.0,MORI
2025-09-09,30.6,31.5,27.5,28.8,3483726.0,MORI
2025-09-10,29.8,32.0,28.6,31.5,2745481.0,MORI
2025-09-11,31.7,34.1,29.8,32.1,3334399.0,MORI
2025-09-12,33.0,33.0,29.0,30.8,2949974.0,MORI
2025-09-15,31.0,31.0,28.5,29.3,1810621.0,MORI
2025-09-16,30.4,30.5,28.2,28.8,2198484.0,MORI
2025-09-17,29.1,29.5,27.8,28.1,1804563.0,MORI
2025-09-18,28.5,28.8,24.15,24.95,3456293.0,MORI
2025-09-19,25.8,25.8,24.3,24.5,2649231.0,MORI
2025-09-22,26.0,29.0,25.1,28.0,2877317.0,MORI
2025-09-23,28.4,30.4,27.5,30.2,3094719.0,MORI
2025-09-24,31.0,32.0,27.9,29.5,2621052.0,MORI
2025-09-25,30.0,30.0,26.8,27.1,1550914.0,MORI
2025-09-26,27.3,28.0,25.7,26.2,1670915.0,MORI
2025-09-29,25.7,26.2,25.1,25.8,848138.0,MORI
2025-09-30,26.0,26.4,24.05,26.1,2179999.0,MORI
2025-10-01,26.2,26.7,24.9,26.2,1421641.0,MORI
2025-10-02,26.0,26.9,25.0,26.7,1178547.0,MORI
2025-10-03,26.7,27.6,25.9,26.5,363452.0,MORI
2025-10-06,26.6,27.0,25.4,25.7,897461.0,MORI
2025-10-07,26.5,26.5,24.5,24.8,877048.0,MORI
2025-10-08,25.0,25.8,24.4,24.9,880176.0,MORI
2025-10-09,24.95,26.7,24.55,26.6,2352720.0,MORI
2025-10-13,26.6,29.0,25.8,28.2,2617499.0,MORI
2025-10-14,28.8,28.8,25.0,25.5,1961605.0,MORI
2025-10-15,26.2,27.2,25.0,25.9,2016337.0,MORI
2025-10-16,26.0,26.5,25.0,25.1,1251777.0,MORI
2025-10-17,25.1,26.3,24.8,25.5,1630163.0,MORI
2025-10-20,25.9,26.9,25.1,25.5,842173.0,MORI
2025-10-21,25.3,26.8,25.1,25.4,2203040.0,MORI
2025-10-22,25.7,26.5,25.0,25.4,1628259.0,MORI
2025-10-23,25.6,26.5,25.2,26.0,2835472.0,MORI
2025-10-24,26.0,28.0,24.7,25.5,3142981.0,MORI
2025-10-27,30.0,33.0,27.6,31.3,9657080.0,MORI
2025-10-28,31.6,37.7,29.8,35.0,18104757.0,MORI
2025-10-29,36.0,40.0,36.0,38.8,13266909.0,MORI
2025-10-30,39.0,39.9,35.5,38.4,7627416.0,MORI
2025-10-31,38.4,41.9,38.2,40.7,7729025.0,MORI
2025-11-03,40.7,44.9,40.5,41.8,8106173.0,MORI
2025-11-04,43.0,43.4,39.1,40.9,4663389.0,MORI
2025-11-05,40.9,43.9,40.9,42.0,7574292.0,MORI
2025-11-06,43.0,43.7,38.8,39.4,3384896.0,MORI
2025-11-07,40.4,40.4,35.8,37.8,3861266.0,MORI
2025-11-10,38.3,41.9,38.1,41.1,4376047.0,MORI
2025-11-11,41.5,44.0,41.5,43.8,4936236.0,MORI
2025-11-12,43.8,45.4,43.3,44.8,5418151.0,MORI
2025-11-13,45.9,50.8,45.0,45.6,12164059.0,MORI
2025-11-14,46.2,50.6,46.1,49.7,7410695.0,MORI
2025-11-17,50.4,54.8,50.0,51.8,9671152.0,MORI
2025-11-18,52.8,55.0,48.2,50.4,6849958.0,MORI
2025-11-19,50.4,53.0,48.6,49.7,5570821.0,MORI
2025-11-20,50.6,52.0,45.3,46.8,4793546.0,MORI
2025-11-21,47.0,48.0,43.7,46.4,1638829.0,MORI
2025-11-25,47.7,50.0,46.6,47.9,3072645.0,MORI
2025-11-26,48.8,50.6,47.5,50.0,3922349.0,MORI
2025-11-27,50.4,51.0,48.0,50.4,3148559.0,MORI
2025-11-28,51.0,53.2,50.4,51.0,2946531.0,MORI
2025-12-01,51.2,53.0,47.6,51.6,3535454.0,MORI
2025-12-02,51.4,51.6,49.0,50.0,4550013.0,MORI
2025-12-03,48.3,50.0,47.9,48.2,6145248.0,MORI
2025-12-04,48.3,48.3,45.0,46.1,8929294.0,MORI
2025-12-05,46.1,47.3,45.2,45.9,2399983.0,MORI
2025-12-09,46.4,47.3,45.1,46.1,2229667.0,MORI
2025-12-10,46.6,46.8,45.2,45.9,1806575.0,MORI
2025-12-11,45.8,46.7,42.9,44.9,2176523.0,MORI
2025-12-12,46.4,46.4,44.2,44.7,1731555.0,MORI
2025-12-15,44.7,45.9,43.0,44.1,2183874.0,MORI
2025-12-16,44.6,45.0,42.0,44.5,4234084.0,MORI
2025-12-17,44.9,44.9,43.0,43.8,1660911.0,MORI
2025-12-18,44.0,44.9,43.6,44.5,3027151.0,MORI
2025-12-19,44.8,45.4,43.4,43.7,2002592.0,MORI
2025-12-22,44.2,44.9,43.0,43.9,1683305.0,MORI
2025-12-23,44.4,45.0,43.7,44.0,932082.0,MORI
2025-12-24,43.8,44.8,43.8,44.4,119332.0,MORI
2025-12-26,45.6,45.6,43.0,43.3,3443387.0,MORI
2025-12-29,43.4,43.8,41.5,42.7,5438629.0,MORI
2025-12-30,43.0,43.0,40.8,42.3,2762627.0,MORI
2026-01-02,42.0,42.9,41.0,41.4,3819647.0,MORI
2026-01-05,41.7,41.8,39.7,41.0,4266345.0,MORI
2026-01-06,41.6,42.2,41.0,41.5,2441587.0,MORI
2026-01-07,42.0,42.0,39.0,39.7,4580581.0,MORI
2026-01-08,39.7,40.0,38.5,39.7,4035095.0,MORI
2026-01-09,40.0,40.6,39.2,39.9,2315902.0,MORI
2026-01-12,39.9,40.3,38.4,38.8,1962301.0,MORI
2026-01-13,39.0,39.4,36.8,37.0,3946149.0,MORI
2026-01-14,37.1,37.3,35.6,35.9,4196574.0,MORI
2026-01-15,36.0,36.4,33.1,34.9,5095976.0,MORI
2026-01-16,34.8,36.3,33.7,35.8,4139564.0,MORI
2026-01-19,36.4,39.5,35.5,39.1,12082724.0,MORI
2026-01-20,39.0,41.0,37.9,40.4,12060742.0,MORI
2026-01-21,40.4,42.0,39.6,40.7,3501752.0,MORI
2026-01-22,40.7,41.3,39.1,39.5,3935835.0,MORI
2026-01-23,39.4,39.5,38.1,38.9,1848598.0,MORI
2026-01-26,38.9,39.5,37.8,38.2,7559498.0,MORI
2026-01-27,38.0,38.9,37.5,38.0,9342634.0,MORI
2026-01-28,38.9,39.8,38.2,38.5,4426867.0,MORI
2026-01-29,39.0,39.7,36.9,37.8,4156747.0,MORI
2026-01-30,37.8,38.4,36.6,37.0,3146933.0,MORI
2026-02-02,37.3,37.3,36.0,36.1,1716186.0,MORI
2026-02-03,36.4,36.6,34.3,35.2,2852780.0,MORI
2026-02-04,35.4,36.7,34.0,35.0,2099990.0,MORI
2026-02-05,35.1,35.4,33.0,33.9,3258663.0,MORI
2026-02-06,33.9,36.5,33.9,34.2,3167538.0,MORI
2026-02-09,34.5,34.7,33.6,34.4,3024294.0,MORI
2026-02-10,34.7,35.0,32.5,34.3,2695259.0,MORI
2026-02-11,34.9,34.9,33.8,34.1,1452835.0,MORI
2026-02-12,34.4,34.9,32.4,32.7,3390266.0,MORI
2026-02-13,32.9,33.3,32.1,32.2,1443923.0,MORI
2026-02-18,32.4,32.8,30.1,30.6,3437057.0,MORI
2026-02-19,31.2,31.8,30.0,31.0,1565935.0,MORI
2026-02-20,31.5,32.6,30.3,30.6,3123833.0,MORI
2026-02-23,31.0,31.4,28.9,29.5,2502545.0,MORI
2026-02-24,29.7,30.0,28.5,29.8,1555087.0,MORI
2026-02-25,29.9,30.3,29.0,30.0,1299353.0,MORI
2026-02-26,29.5,30.1,29.0,29.5,1505850.0,MORI
2026-02-27,29.5,30.2,29.0,29.2,1361399.0,MORI
2026-03-02,29.0,29.5,27.4,27.7,2843751.0,MORI
2026-03-03,28.0,28.0,26.0,27.1,2918356.0,MORI
2026-03-04,27.6,28.4,27.2,27.8,1369366.0,MORI
2026-03-05,28.7,28.7,27.4,28.1,1054498.0,MORI
2026-03-06,28.4,28.7,27.5,27.6,1540430.0,MORI
2026-03-09,28.2,29.0,26.0,28.4,2345925.0,MORI
2026-03-10,28.5,30.7,28.5,30.2,3873811.0,MORI
2026-03-11,30.1,32.0,30.1,31.4,2849501.0,MORI
2026-03-12,31.9,31.9,30.1,30.2,1060161.0,MORI
2026-03-13,30.0,30.5,29.0,29.1,1264644.0,MORI
2026-03-16,29.3,30.0,27.5,27.8,2122149.0,MORI
2026-03-17,27.9,28.5,27.2,28.1,2112614.0,MORI
2026-03-18,28.5,28.7,27.5,27.8,1604987.0,MORI
2026-03-19,28.0,28.9,27.1,28.7,2878780.0,MORI
2026-03-20,29.9,29.9,28.2,28.5,1957701.0,MORI
2026-03-23,29.0,29.6,28.4,29.1,362822.0,MORI
2026-03-25,29.5,29.8,28.2,29.1,2790353.0,MORI
2026-03-26,29.1,29.3,27.7,28.0,1268912.0,MORI
2026-03-27,28.3,29.0,27.3,28.5,1211946.0,MORI
2026-03-30,28.9,31.0,28.0,29.6,2506141.0,MORI
2026-03-31,29.8,31.4,29.4,31.1,3627828.0,MORI
2026-04-01,31.5,32.9,30.7,32.5,2735970.0,MORI
2026-04-06,32.9,33.5,31.1,32.2,1633792.0,MORI
2026-04-07,32.4,32.4,30.9,31.0,1067515.0,MORI
2026-04-08,30.4,32.6,29.6,30.4,3040347.0,MORI
2026-04-09,30.5,30.5,29.7,29.9,959536.0,MORI
2026-04-10,30.0,30.8,29.6,29.9,751115.0,MORI
2026-04-13,30.0,30.4,29.4,30.1,1723878.0,MORI
2026-04-14,30.4,30.4,29.4,29.5,841373.0,MORI
2026-04-15,29.7,29.8,29.0,29.3,998776.0,MORI
2026-04-16,29.3,30.0,29.0,29.3,1653794.0,MORI
2026-04-17,29.3,29.9,28.8,29.1,1768721.0,MORI
2026-04-20,29.6,30.3,28.3,29.0,2385358.0,MORI
2026-04-21,29.5,29.5,28.9,29.1,1063907.0,MORI
2026-04-22,29.6,30.1,29.0,30.0,1931126.0,MORI
2026-04-23,30.0,30.9,29.5,29.7,1184080.0,MORI
2026-04-24,29.9,30.2,29.5,29.7,342225.0,MORI
2026-04-27,29.7,30.4,29.0,29.2,343374.0,MORI
2026-04-28,29.8,29.8,28.7,28.8,780475.0,MORI
2026-04-29,28.9,29.0,28.1,28.6,951566.0,MORI
2026-04-30,28.5,28.9,27.7,28.3,1604875.0,MORI
2026-05-04,28.9,28.9,27.1,27.3,1779431.0,MORI
2026-05-05,27.7,27.9,26.5,27.1,2579993.0,MORI
