date,compra,venta
2018-01-02,18.15,18.65
2018-01-03,18.2,18.7
2018-01-04,18.4,18.9
2018-01-05,18.6,19.1
2018-01-08,18.8,19.3
2018-01-09,18.7,19.2
2018-01-10,18.35,18.85
2018-01-11,18.45,18.95
2018-01-12,18.45,18.95
2018-01-15,18.5,19.0
2018-01-16,18.65,19.15
2018-01-17,18.6,19.1
2018-01-18,18.6,19.1
2018-01-19,18.75,19.25
2018-01-22,18.85,19.35
2018-01-23,19.1,19.6
2018-01-24,19.4,19.9
2018-01-25,19.3,19.8
2018-01-26,19.3,19.8
2018-01-29,19.3,19.8
2018-01-30,19.35,19.85
2018-01-31,19.4,19.9
2018-02-01,19.15,19.65
2018-02-02,19.25,19.75
2018-02-05,19.25,19.75
2018-02-06,19.35,19.85
2018-02-07,19.4,19.9
2018-02-08,19.7,20.2
2018-02-09,19.75,20.25
2018-02-14,19.65,20.15
2018-02-15,19.45,19.95
2018-02-16,19.5,20.0
2018-02-19,19.65,20.15
2018-02-20,19.6,20.1
2018-02-21,19.65,20.15
2018-02-22,19.7,20.2
2018-02-23,19.7,20.2
2018-02-26,19.95,20.45
2018-02-27,19.95,20.45
2018-02-28,19.85,20.35
2018-03-01,19.9,20.4
2018-03-02,20.0,20.5
2018-03-05,19.95,20.45
2018-03-06,20.1,20.6
2018-03-07,20.15,20.65
2018-03-08,20.15,20.65
2018-03-09,20.0,20.5
2018-03-12,19.95,20.45
2018-03-13,19.95,20.45
2018-03-14,19.95,20.45
2018-03-15,20.1,20.6
2018-03-16,19.95,20.45
2018-03-19,19.95,20.45
2018-03-20,20.0,20.5
2018-03-21,20.05,20.55
2018-03-22,20.0,20.5
2018-03-23,19.95,20.45
2018-03-26,19.95,20.45
2018-03-27,19.95,20.45
2018-03-28,19.9,20.4
2018-04-03,19.9,20.4
2018-04-04,19.95,20.45
2018-04-05,19.95,20.45
2018-04-06,19.95,20.45
2018-04-09,19.95,20.45
2018-04-10,19.95,20.45
2018-04-11,19.9,20.4
2018-04-12,19.95,20.45
2018-04-13,19.95,20.45
2018-04-16,19.95,20.45
2018-04-17,19.95,20.45
2018-04-18,19.95,20.45
2018-04-19,19.9,20.4
2018-04-20,19.95,20.45
2018-04-23,20.0,20.5
2018-04-24,20.0,20.5
2018-04-25,20.0,20.5
2018-04-26,20.3,20.8
2018-04-27,20.3,20.8
2018-05-02,20.95,21.45
2018-05-03,22.7,23.3
2018-05-04,21.4,22.2
2018-05-07,21.5,22.3
2018-05-08,22.0,22.8
2018-05-09,22.3,23.1
2018-05-10,22.3,23.1
2018-05-11,22.7,23.7
2018-05-14,24.3,25.3
2018-05-15,23.5,24.5
2018-05-16,23.8,24.8
2018-05-17,23.8,24.8
2018-05-18,23.9,24.9
2018-05-21,23.9,24.9
2018-05-22,23.8,24.8
2018-05-23,23.9,24.9
2018-05-24,24.1,25.1
2018-05-28,24.2,25.2
2018-05-29,24.4,25.4
2018-05-30,24.4,25.4
2018-05-31,24.4,25.4
2018-06-01,24.4,25.4
2018-06-04,24.4,25.4
2018-06-05,24.4,25.4
2018-06-06,24.4,25.4
2018-06-07,24.4,25.4
2018-06-08,24.8,25.8
2018-06-11,25.5,26.5
2018-06-12,25.3,26.3
2018-06-13,25.5,26.5
2018-06-14,27.2,28.2
2018-06-15,27.8,28.8
2018-06-18,27.1,28.1
2018-06-19,27.2,28.2
2018-06-21,27.0,28.0
2018-06-22,26.5,27.5
2018-06-25,26.5,27.5
2018-06-26,26.6,27.6
2018-06-27,26.9,27.9
2018-06-28,27.6,28.6
2018-06-29,28.4,29.4
2018-07-02,27.8,28.8
2018-07-03,27.3,28.3
2018-07-04,27.6,28.6
2018-07-05,27.5,28.5
2018-07-06,27.4,28.4
2018-07-10,26.8,27.8
2018-07-11,26.9,27.9
2018-07-12,26.7,27.7
2018-07-13,26.7,27.7
2018-07-16,26.8,27.8
2018-07-17,27.0,28.0
2018-07-18,27.1,28.1
2018-07-19,27.2,28.2
2018-07-20,27.1,28.1
2018-07-23,27.1,28.1
2018-07-24,27.0,28.0
2018-07-25,26.9,27.9
2018-07-26,26.9,27.9
2018-07-27,26.9,27.9
2018-07-30,26.8,27.8
2018-07-31,26.9,27.9
2018-08-01,27.0,28.0
2018-08-02,27.0,28.0
2018-08-03,26.8,27.8
2018-08-06,26.9,27.9
2018-08-07,26.9,27.9
2018-08-08,27.1,28.1
2018-08-09,27.6,28.6
2018-08-10,28.7,29.7
2018-08-13,29.5,30.5
2018-08-14,29.1,30.1
2018-08-15,29.5,30.5
2018-08-16,29.3,30.3
2018-08-17,29.3,30.3
2018-08-21,29.5,30.5
2018-08-22,29.7,30.7
2018-08-23,30.0,31.0
2018-08-24,30.4,31.4
2018-08-27,30.4,31.4
2018-08-28,30.9,31.9
2018-08-29,33.5,34.5
2018-08-30,37.0,38.2
2018-08-31,36.2,37.4
2018-09-03,36.8,38.0
2018-09-04,38.3,39.5
2018-09-05,37.8,39.0
2018-09-06,36.8,38.0
2018-09-07,36.4,37.6
2018-09-10,36.8,38.0
2018-09-11,37.3,38.5
2018-09-12,37.6,38.8
2018-09-13,38.9,40.1
2018-09-14,39.2,40.4
2018-09-17,39.0,40.2
2018-09-18,39.1,40.3
2018-09-19,38.6,39.8
2018-09-20,37.6,38.8
2018-09-21,36.6,37.8
2018-09-24,36.7,37.9
2018-09-25,37.5,38.7
2018-09-26,38.0,39.2
2018-09-27,38.8,40.6
2018-09-28,40.3,42.1
2018-10-01,38.7,40.5
2018-10-02,37.2,39.0
2018-10-03,36.8,38.6
2018-10-04,37.4,39.2
2018-10-05,36.9,38.7
2018-10-08,36.6,38.4
2018-10-09,36.2,38.0
2018-10-10,36.3,38.1
2018-10-11,35.7,37.5
2018-10-12,35.8,37.6
2018-10-16,35.1,36.9
2018-10-17,35.3,37.1
2018-10-18,35.7,37.5
2018-10-19,35.7,37.5
2018-10-22,35.5,37.3
2018-10-23,35.7,37.5
2018-10-24,36.1,37.9
2018-10-25,35.9,37.7
2018-10-26,36.0,37.8
2018-10-29,36.0,37.8
2018-10-30,35.8,37.6
2018-10-31,35.0,36.8
2018-11-01,34.8,36.6
2018-11-02,34.6,36.4
2018-11-05,34.6,36.4
2018-11-07,34.8,36.6
2018-11-08,34.6,36.4
2018-11-09,34.5,36.3
2018-11-12,34.7,36.5
2018-11-13,35.1,36.9
2018-11-14,35.1,36.9
2018-11-15,35.1,36.9
2018-11-16,35.1,36.9
2018-11-20,35.3,37.1
2018-11-21,35.3,37.1
2018-11-22,35.6,37.4
2018-11-23,36.7,38.5
2018-11-26,38.1,39.9
2018-11-27,37.7,39.5
2018-11-28,37.6,39.4
2018-11-29,36.8,38.6
2018-12-03,35.6,37.4
2018-12-04,36.5,38.3
2018-12-05,36.6,38.4
2018-12-06,36.8,38.6
2018-12-07,36.5,38.3
2018-12-10,36.8,38.6
2018-12-11,36.9,38.7
2018-12-12,36.7,38.5
2018-12-13,36.9,38.7
2018-12-14,37.2,39.0
2018-12-17,37.3,39.1
2018-12-18,37.3,39.1
2018-12-19,37.4,39.2
2018-12-20,37.2,39.0
2018-12-21,37.1,38.9
2018-12-26,37.7,39.5
2018-12-27,37.5,39.3
2018-12-28,36.8,38.6
2019-01-02,36.8,38.6
2019-01-03,36.6,38.4
2019-01-04,36.5,38.3
2019-01-07,36.5,38.3
2019-01-08,36.7,38.5
2019-01-09,36.5,38.3
2019-01-10,36.2,38.0
2019-01-11,36.0,37.8
2019-01-14,36.1,37.9
2019-01-15,36.2,38.0
2019-01-16,36.6,38.4
2019-01-17,36.8,38.6
2019-01-18,36.7,38.5
2019-01-21,36.8,38.6
2019-01-22,36.6,38.4
2019-01-23,36.6,38.4
2019-01-24,36.5,38.3
2019-01-25,36.2,38.0
2019-01-28,36.2,38.0
2019-01-29,36.8,38.6
2019-01-30,36.6,38.4
2019-01-31,36.4,38.2
2019-02-01,36.3,38.1
2019-02-04,36.3,38.1
2019-02-05,36.3,38.1
2019-02-06,36.6,38.4
2019-02-07,36.9,38.7
2019-02-08,36.9,38.7
2019-02-11,37.0,38.8
2019-02-12,37.1,38.9
2019-02-13,37.3,39.1
2019-02-14,37.3,39.1
2019-02-15,37.7,39.5
2019-02-18,37.9,39.7
2019-02-19,38.4,40.2
2019-02-20,38.8,40.6
2019-02-21,38.6,40.4
2019-02-22,38.3,40.1
2019-02-25,38.1,39.9
2019-02-26,38.0,39.8
2019-02-27,37.9,39.7
2019-02-28,38.3,40.1
2019-03-01,38.9,40.7
2019-03-06,39.8,41.6
2019-03-07,41.5,43.5
2019-03-08,40.2,42.2
2019-03-11,40.3,42.3
2019-03-12,40.5,42.5
2019-03-13,40.2,42.2
2019-03-14,39.8,41.8
2019-03-15,39.0,41.0
2019-03-18,39.0,41.0
2019-03-19,39.5,41.5
2019-03-20,39.8,41.8
2019-03-21,40.0,42.0
2019-03-22,40.8,42.8
2019-03-25,41.0,43.0
2019-03-26,41.6,43.6
2019-03-27,42.9,44.9
2019-03-28,42.6,44.6
2019-03-29,42.3,44.3
2019-04-01,41.7,43.7
2019-04-03,41.9,43.9
2019-04-04,42.4,44.4
2019-04-05,42.9,44.9
2019-04-08,42.7,44.7
2019-04-09,42.4,44.4
2019-04-10,42.0,44.0
2019-04-11,41.8,43.8
2019-04-12,41.2,43.2
2019-04-15,40.6,42.6
2019-04-16,41.4,43.4
2019-04-17,40.9,42.9
2019-04-22,41.5,43.5
2019-04-23,41.4,43.4
2019-04-24,42.9,44.9
2019-04-25,43.9,45.9
2019-04-26,45.0,47.0
2019-04-29,43.3,45.3
2019-04-30,43.2,45.2
2019-05-02,43.8,45.8
2019-05-03,43.4,45.4
2019-05-06,43.7,45.7
2019-05-07,44.3,46.3
2019-05-08,44.1,46.1
2019-05-09,44.3,46.3
2019-05-10,43.8,45.8
2019-05-13,44.1,46.1
2019-05-14,44.0,46.0
2019-05-15,44.0,46.0
2019-05-16,43.8,45.8
2019-05-17,44.0,46.0
2019-05-20,44.2,46.2
2019-05-21,43.8,45.8
2019-05-22,43.9,45.9
2019-05-23,44.1,46.1
2019-05-24,43.8,45.8
2019-05-27,43.9,45.9
2019-05-28,43.7,45.7
2019-05-29,43.4,45.4
2019-05-30,43.5,45.5
2019-05-31,43.8,45.8
2019-06-03,43.9,45.9
2019-06-04,43.7,45.7
2019-06-05,43.9,45.9
2019-06-06,43.9,45.9
2019-06-07,43.9,45.9
2019-06-10,43.9,45.9
2019-06-11,43.7,45.7
2019-06-12,42.7,44.7
2019-06-13,42.4,44.4
2019-06-14,43.0,45.0
2019-06-18,42.5,44.5
2019-06-19,42.3,44.3
2019-06-21,41.8,43.8
2019-06-24,41.5,43.5
2019-06-25,41.4,43.4
2019-06-26,41.7,43.7
2019-06-27,41.7,43.7
2019-06-28,41.5,43.5
2019-07-01,41.4,43.4
2019-07-02,41.2,43.2
2019-07-03,41.0,43.0
2019-07-04,40.8,42.8
2019-07-05,40.8,42.8
2019-07-10,40.8,42.8
2019-07-11,40.7,42.7
2019-07-12,40.6,42.6
2019-07-15,41.4,43.4
2019-07-16,41.6,43.6
2019-07-17,41.5,43.5
2019-07-18,41.5,43.5
2019-07-19,41.4,43.4
2019-07-22,41.4,43.4
2019-07-23,41.6,43.6
2019-07-24,41.9,43.9
2019-07-25,42.4,44.4
2019-07-26,42.4,44.4
2019-07-29,42.8,44.8
2019-07-30,42.9,44.9
2019-07-31,42.9,44.9
2019-08-01,43.4,45.4
2019-08-02,43.6,45.6
2019-08-05,44.5,46.5
2019-08-06,44.3,46.3
2019-08-07,44.6,46.6
2019-08-08,44.2,46.2
2019-08-09,44.2,46.2
2019-08-12,51.0,55.0
2019-08-13,53.0,58.0
2019-08-14,57.0,63.0
2019-08-15,54.0,59.0
2019-08-16,52.0,57.0
2019-08-20,52.0,57.0
2019-08-21,52.0,57.0
2019-08-22,53.0,57.0
2019-08-23,53.0,57.0
2019-08-26,53.0,57.0
2019-08-27,54.0,58.0
2019-08-28,56.0,60.0
2019-08-29,56.0,60.0
2019-08-30,57.0,61.0
2019-09-02,53.0,57.0
2019-09-03,53.0,57.0
2019-09-04,53.0,57.0
2019-09-05,54.0,57.0
2019-09-06,54.0,57.0
2019-09-09,54.0,57.0
2019-09-10,54.0,57.0
2019-09-11,54.0,57.0
2019-09-12,54.25,57.25
2019-09-13,54.25,57.5
2019-09-16,54.5,58.0
2019-09-17,55.0,58.5
2019-09-18,55.0,58.5
2019-09-19,55.0,58.5
2019-09-20,55.0,58.5
2019-09-23,55.0,58.5
2019-09-24,55.0,58.5
2019-09-25,55.0,58.5
2019-09-26,55.5,59.0
2019-09-27,55.5,59.0
2019-09-30,55.5,59.0
2019-10-01,56.0,59.5
2019-10-02,56.0,59.5
2019-10-03,56.0,59.5
2019-10-04,55.9,59.4
2019-10-07,55.9,59.4
2019-10-08,55.9,59.4
2019-10-09,56.0,59.5
2019-10-10,56.0,59.5
2019-10-11,56.0,59.5
2019-10-15,56.0,59.5
2019-10-16,56.0,59.5
2019-10-17,56.0,59.5
2019-10-18,56.5,60.0
2019-10-21,57.0,60.5
2019-10-22,57.25,60.75
2019-10-23,58.0,61.5
2019-10-24,59.0,62.5
2019-10-25,60.0,65.0
2019-10-28,58.5,63.5
2019-10-29,58.5,63.5
2019-10-30,58.5,63.5
2019-10-31,58.5,63.5
2019-11-01,58.5,63.5
2019-11-04,58.5,63.5
2019-11-05,59.0,63.5
2019-11-07,58.0,63.0
2019-11-08,58.0,63.0
2019-11-11,58.0,63.0
2019-11-12,57.75,62.75
2019-11-13,57.75,62.75
2019-11-14,57.75,62.75
2019-11-15,57.5,62.5
2019-11-19,57.5,62.5
2019-11-20,57.5,62.5
2019-11-21,57.5,62.5
2019-11-22,57.5,62.5
2019-11-25,57.5,62.5
2019-11-26,57.75,62.25
2019-11-27,57.75,62.25
2019-11-28,57.75,62.25
2019-11-29,57.75,62.25
2019-12-02,57.75,62.25
2019-12-03,57.75,62.25
2019-12-04,57.75,62.25
2019-12-05,57.75,62.25
2019-12-06,57.75,62.25
2019-12-09,58.0,62.5
2019-12-10,58.0,62.75
2019-12-11,58.0,63.0
2019-12-12,58.0,63.0
2019-12-13,58.0,63.0
2019-12-16,58.0,63.0
2019-12-17,58.0,63.0
2019-12-18,58.08,63.08
2019-12-19,58.08,63.08
2019-12-20,58.0,63.0
2019-12-23,58.0,63.0
2019-12-26,58.0,63.0
2019-12-27,58.0,63.0
2019-12-30,58.0,63.0
2020-01-02,58.0,63.0
2020-01-03,58.0,63.0
2020-01-06,58.0,63.0
2020-01-07,58.0,63.0
2020-01-08,58.0,63.0
2020-01-09,58.0,63.0
2020-01-10,58.0,63.0
2020-01-13,58.0,63.0
2020-01-14,58.0,63.0
2020-01-15,58.0,63.0
2020-01-16,58.0,63.0
2020-01-17,58.0,63.0
2020-01-20,58.0,63.0
2020-01-21,58.0,63.0
2020-01-22,58.0,63.0
2020-01-23,58.0,63.0
2020-01-24,58.0,63.0
2020-01-27,58.0,63.0
2020-01-28,58.0,63.0
2020-01-29,58.0,63.0
2020-01-30,58.0,63.0
2020-01-31,58.0,63.0
2020-02-03,58.0,63.0
2020-02-04,58.0,63.0
2020-02-05,58.0,63.0
2020-02-06,58.0,63.0
2020-02-07,58.0,63.0
2020-02-10,58.0,63.0
2020-02-11,58.25,63.25
2020-02-12,58.25,63.25
2020-02-13,58.25,63.25
2020-02-14,58.25,63.25
2020-02-17,58.25,63.25
2020-02-18,58.25,63.25
2020-02-19,58.5,63.5
2020-02-20,58.5,63.5
2020-02-21,58.5,63.5
2020-02-26,58.75,63.75
2020-02-27,58.75,63.75
2020-02-28,59.0,64.0
2020-03-02,59.0,64.0
2020-03-03,59.0,64.0
2020-03-04,59.0,64.0
2020-03-05,59.0,64.0
2020-03-06,59.0,64.0
2020-03-09,59.0,64.0
2020-03-10,59.0,64.0
2020-03-11,59.0,64.0
2020-03-12,59.5,64.5
2020-03-13,59.5,64.5
2020-03-16,59.5,64.5
2020-03-17,59.5,64.5
2020-03-18,60.0,65.0
2020-03-19,60.0,65.0
2020-03-20,60.0,65.0
2020-03-25,60.25,65.25
2020-03-26,60.25,65.25
2020-03-27,60.5,65.5
2020-03-30,60.75,65.75
2020-04-01,61.0,66.0
2020-04-02,61.0,66.0
2020-04-03,61.0,66.0
2020-04-06,61.25,66.25
2020-04-07,61.5,66.5
2020-04-08,61.5,66.5
2020-04-13,61.75,66.75
2020-04-14,61.75,66.75
2020-04-15,61.75,66.75
2020-04-16,62.25,67.25
2020-04-17,62.25,67.25
2020-04-20,62.5,67.5
2020-04-21,62.75,67.75
2020-04-22,62.75,67.75
2020-04-23,62.75,67.75
2020-04-24,63.25,68.25
2020-04-27,63.25,68.25
2020-04-28,63.5,68.5
2020-04-29,63.5,68.5
2020-04-30,63.75,68.75
2020-05-04,63.75,68.75
2020-05-05,63.75,68.75
2020-05-06,64.25,69.25
2020-05-07,64.25,69.25
2020-05-08,64.25,69.25
2020-05-11,64.25,69.25
2020-05-12,64.25,69.25
2020-05-13,64.75,69.75
2020-05-14,64.75,69.75
2020-05-15,64.75,69.75
2020-05-18,65.0,70.0
2020-05-19,65.0,70.0
2020-05-20,65.0,70.0
2020-05-21,65.0,70.0
2020-05-22,65.25,70.25
2020-05-26,65.25,70.25
2020-05-27,65.25,70.25
2020-05-28,65.25,70.25
2020-05-29,65.5,70.5
2020-06-01,65.5,70.5
2020-06-02,65.5,70.5
2020-06-03,65.5,70.5
2020-06-04,65.75,70.75
2020-06-05,65.75,70.75
2020-06-08,65.75,70.75
2020-06-09,66.5,71.5
2020-06-10,66.5,71.5
2020-06-11,66.5,71.5
2020-06-12,67.0,72.0
2020-06-16,67.25,72.25
2020-06-17,67.25,72.25
2020-06-18,67.5,72.5
2020-06-19,67.5,72.5
2020-06-22,67.5,72.5
2020-06-23,68.0,73.0
2020-06-24,68.0,73.0
2020-06-25,68.0,73.0
2020-06-26,68.0,73.0
2020-06-29,68.5,73.5
2020-06-30,68.5,73.5
2020-07-01,68.5,73.5
2020-07-02,68.75,73.75
2020-07-03,69.0,74.0
2020-07-06,69.0,74.0
2020-07-07,69.0,74.0
2020-07-08,69.5,74.5
2020-07-13,69.5,74.5
2020-07-14,70.0,75.0
2020-07-15,70.0,75.0
2020-07-16,70.0,75.0
2020-07-17,70.25,75.25
2020-07-20,70.5,75.5
2020-07-21,70.5,75.5
2020-07-22,70.5,75.5
2020-07-23,70.5,75.5
2020-07-24,70.75,75.75
2020-07-27,70.75,75.75
2020-07-28,71.0,76.0
2020-07-29,71.0,76.0
2020-07-30,71.0,76.0
2020-07-31,71.25,76.25
2020-08-03,71.5,76.5
2020-08-04,71.5,76.5
2020-08-05,71.75,76.75
2020-08-06,71.75,76.75
2020-08-07,71.75,76.75
2020-08-10,72.0,77.0
2020-08-11,72.0,77.0
2020-08-12,72.0,77.0
2020-08-13,72.25,77.25
2020-08-14,72.25,77.25
2020-08-18,72.5,77.5
2020-08-19,72.5,77.5
2020-08-20,72.5,77.5
2020-08-21,72.5,77.5
2020-08-24,72.75,77.75
2020-08-25,72.75,77.75
2020-08-26,72.75,77.75
2020-08-27,72.75,77.75
2020-08-28,73.0,78.0
2020-08-31,73.0,78.0
2020-09-01,73.25,78.25
2020-09-02,73.25,78.25
2020-09-03,73.25,78.25
2020-09-04,73.5,78.5
2020-09-07,73.5,78.5
2020-09-08,73.75,78.75
2020-09-09,73.75,78.75
2020-09-10,74.0,79.0
2020-09-11,74.0,79.0
2020-09-14,74.0,79.0
2020-09-15,74.25,79.25
2020-09-16,74.25,79.25
2020-09-17,74.25,79.25
2020-09-18,74.25,79.25
2020-09-21,74.5,79.5
2020-09-22,74.5,79.5
2020-09-23,74.5,79.5
2020-09-24,74.75,79.75
2020-09-25,74.75,79.75
2020-09-28,74.75,79.75
2020-09-29,75.0,80.0
2020-09-30,75.0,80.0
2020-10-01,75.25,80.25
2020-10-02,76.5,81.5
2020-10-05,76.75,81.75
2020-10-06,77.0,82.0
2020-10-07,76.0,82.0
2020-10-08,76.0,82.0
2020-10-09,76.0,82.0
2020-10-13,76.25,82.25
2020-10-14,76.25,82.25
2020-10-15,76.5,82.5
2020-10-16,76.5,82.5
2020-10-19,76.5,82.5
2020-10-20,76.75,82.75
2020-10-21,77.0,83.0
2020-10-22,77.25,83.25
2020-10-23,77.5,83.5
2020-10-26,77.5,83.5
2020-10-27,77.5,83.5
2020-10-28,77.5,83.5
2020-10-29,77.5,83.5
2020-10-30,77.5,83.5
2020-11-02,77.75,83.75
2020-11-03,78.0,84.0
2020-11-04,78.25,84.25
2020-11-05,78.25,84.25
2020-11-09,78.5,84.5
2020-11-10,78.75,84.75
2020-11-11,78.75,84.75
2020-11-12,79.0,85.0
2020-11-13,79.0,85.0
2020-11-16,79.25,85.25
2020-11-17,79.25,85.25
2020-11-18,79.25,85.25
2020-11-19,79.5,85.5
2020-11-20,79.5,85.5
2020-11-24,79.75,85.75
2020-11-25,79.75,85.75
2020-11-26,80.0,86.0
2020-11-27,80.25,86.25
2020-11-30,80.5,86.5
2020-12-01,80.5,86.5
2020-12-02,80.5,86.5
2020-12-03,80.75,86.75
2020-12-04,80.75,86.75
2020-12-09,81.25,87.25
2020-12-10,81.5,87.5
2020-12-11,81.5,87.5
2020-12-14,81.5,87.5
2020-12-15,81.75,87.75
2020-12-16,81.75,87.75
2020-12-17,81.75,87.75
2020-12-18,82.0,88.0
2020-12-21,82.25,88.25
2020-12-22,82.25,88.25
2020-12-23,82.5,88.5
2020-12-28,82.75,88.75
2020-12-29,83.0,89.0
2020-12-30,83.25,89.25
2021-01-04,83.5,89.5
2021-01-05,83.75,89.75
2021-01-06,83.75,89.75
2021-01-07,84.0,90.0
2021-01-08,84.0,90.0
2021-01-11,84.25,90.25
2021-01-12,84.5,90.5
2021-01-13,84.5,90.5
2021-01-14,84.75,90.75
2021-01-15,84.75,90.75
2021-01-18,85.0,91.0
2021-01-19,85.25,91.25
2021-01-20,85.25,91.25
2021-01-21,85.5,91.5
2021-01-22,85.75,91.75
2021-01-25,86.0,92.0
2021-01-26,86.0,92.0
2021-01-27,86.0,92.0
2021-01-28,86.0,92.0
2021-01-29,86.25,92.25
2021-02-01,86.5,92.5
2021-02-02,86.5,92.5
2021-02-03,86.5,92.5
2021-02-04,86.75,92.75
2021-02-05,87.0,93.0
2021-02-08,87.25,93.25
2021-02-09,87.25,93.25
2021-02-10,87.25,93.25
2021-02-11,87.5,93.5
2021-02-12,87.5,93.5
2021-02-17,87.75,93.75
2021-02-18,87.75,93.75
2021-02-19,88.0,94.0
2021-02-22,88.25,94.25
2021-02-23,88.25,94.25
2021-02-24,88.5,94.5
2021-02-25,88.5,94.5
2021-02-26,88.5,94.5
2021-03-01,88.75,94.75
2021-03-02,89.0,95.0
2021-03-03,89.0,95.0
2021-03-04,89.0,95.0
2021-03-05,89.0,95.0
2021-03-08,89.25,95.25
2021-03-09,89.5,95.5
2021-03-10,89.5,95.5
2021-03-11,89.75,95.75
2021-03-12,89.75,95.75
2021-03-15,90.0,96.0
2021-03-16,90.25,96.25
2021-03-17,90.25,96.25
2021-03-18,90.5,96.5
2021-03-19,90.5,96.5
2021-03-22,90.75,96.75
2021-03-23,91.0,97.0
2021-03-25,91.0,97.0
2021-03-26,91.25,97.25
2021-03-29,91.25,97.25
2021-03-30,91.25,97.25
2021-03-31,91.5,97.5
2021-04-05,91.75,97.75
2021-04-06,91.75,97.75
2021-04-07,92.0,98.0
2021-04-08,92.0,98.0
2021-04-09,92.0,98.0
2021-04-12,92.0,98.0
2021-04-13,92.0,98.0
2021-04-14,92.25,98.25
2021-04-15,92.25,98.25
2021-04-16,92.25,98.25
2021-04-19,92.25,98.25
2021-04-20,92.25,98.25
2021-04-21,92.25,98.25
2021-04-22,92.25,98.25
2021-04-23,92.25,98.25
2021-04-26,92.5,98.5
2021-04-27,92.5,98.5
2021-04-28,92.5,98.5
2021-04-29,92.5,98.5
2021-04-30,92.5,98.5
2021-05-03,92.75,98.75
2021-05-04,92.75,98.75
2021-05-05,92.75,98.75
2021-05-06,92.75,98.75
2021-05-07,93.0,99.0
2021-05-10,93.0,99.0
2021-05-11,93.0,99.0
2021-05-12,93.0,99.0
2021-05-13,93.0,99.0
2021-05-14,93.0,99.0
2021-05-17,93.25,99.25
2021-05-18,93.25,99.25
2021-05-19,93.25,99.25
2021-05-20,93.25,99.25
2021-05-21,93.5,99.5
2021-05-26,93.5,99.5
2021-05-27,93.75,99.75
2021-05-28,93.75,99.75
2021-05-31,93.75,99.75
2021-06-01,94.0,100.0
2021-06-02,94.0,100.0
2021-06-03,94.0,100.0
2021-06-04,94.0,100.0
2021-06-07,94.0,100.0
2021-06-08,94.0,100.0
2021-06-09,94.0,100.0
2021-06-10,94.0,100.0
2021-06-11,94.0,100.0
2021-06-14,94.25,100.25
2021-06-15,94.25,100.25
2021-06-16,94.25,100.25
2021-06-17,94.25,100.25
2021-06-18,94.25,100.25
2021-06-22,94.25,100.25
2021-06-23,94.5,100.5
2021-06-24,94.5,100.5
2021-06-25,94.5,100.5
2021-06-28,94.5,100.5
2021-06-29,94.75,100.75
2021-06-30,94.75,100.75
2021-07-01,94.75,100.75
2021-07-02,94.75,100.75
2021-07-05,95.0,101.0
2021-07-06,95.0,101.0
2021-07-07,95.0,101.0
2021-07-08,95.0,101.0
2021-07-12,95.0,101.0
2021-07-13,95.25,101.25
2021-07-14,95.25,101.25
2021-07-15,95.25,101.25
2021-07-16,95.25,101.25
2021-07-19,95.5,101.5
2021-07-20,95.5,101.5
2021-07-21,95.5,101.5
2021-07-22,95.5,101.5
2021-07-23,95.5,101.5
2021-07-26,95.5,101.5
2021-07-27,95.75,101.75
2021-07-28,95.75,101.75
2021-07-29,95.75,101.75
2021-07-30,95.75,101.75
2021-08-02,95.75,101.75
2021-08-03,96.0,102.0
2021-08-04,96.0,102.0
2021-08-05,96.0,102.0
2021-08-06,96.0,102.0
2021-08-09,96.0,102.0
2021-08-10,96.0,102.0
2021-08-11,96.0,102.0
2021-08-12,96.0,102.0
2021-08-13,96.25,102.25
2021-08-17,96.25,102.25
2021-08-18,96.25,102.25
2021-08-19,96.5,102.5
2021-08-20,96.5,102.5
2021-08-23,96.5,102.5
2021-08-24,96.5,102.5
2021-08-25,96.5,102.5
2021-08-26,96.75,102.75
2021-08-27,96.75,102.75
2021-08-30,96.75,102.75
2021-08-31,96.75,102.75
2021-09-01,97.0,103.0
2021-09-02,97.0,103.0
2021-09-03,97.0,103.0
2021-09-06,97.0,103.0
2021-09-07,97.0,103.0
2021-09-08,97.25,103.25
2021-09-09,97.25,103.25
2021-09-10,97.25,103.25
2021-09-13,97.25,103.25
2021-09-14,97.25,103.25
2021-09-15,97.5,103.5
2021-09-16,97.5,103.5
2021-09-17,97.5,103.5
2021-09-20,97.75,103.75
2021-09-21,97.75,103.75
2021-09-22,97.75,103.75
2021-09-23,97.75,103.75
2021-09-24,97.75,103.75
2021-09-27,97.75,103.75
2021-09-28,97.75,103.75
2021-09-29,97.75,103.75
2021-09-30,98.0,104.0
2021-10-01,98.0,104.0
2021-10-04,98.0,104.0
2021-10-05,98.25,104.25
2021-10-06,98.25,104.25
2021-10-07,98.25,104.25
2021-10-12,98.25,104.25
2021-10-13,98.25,104.25
2021-10-14,98.25,104.25
2021-10-15,98.5,104.5
2021-10-18,98.5,104.5
2021-10-19,98.75,104.75
2021-10-20,98.75,104.75
2021-10-21,98.75,104.75
2021-10-22,98.75,104.75
2021-10-25,98.75,104.75
2021-10-26,98.75,104.75
2021-10-27,99.0,105.0
2021-10-28,99.0,105.0
2021-10-29,99.0,105.0
2021-11-01,99.0,105.0
2021-11-02,99.0,105.0
2021-11-03,99.0,105.0
2021-11-04,99.25,105.25
2021-11-05,99.25,105.25
2021-11-08,99.25,105.25
2021-11-09,99.25,105.25
2021-11-10,99.25,105.25
2021-11-11,99.25,105.25
2021-11-12,99.25,105.25
2021-11-15,99.5,105.5
2021-11-16,99.5,105.5
2021-11-17,99.5,105.5
2021-11-18,99.5,105.5
2021-11-19,99.5,105.5
2021-11-23,99.75,105.75
2021-11-24,99.75,105.75
2021-11-25,99.75,105.75
2021-11-26,99.75,105.75
2021-11-29,99.75,105.75
2021-11-30,100.0,106.0
2021-12-01,100.25,106.25
2021-12-02,100.25,106.25
2021-12-03,100.25,106.25
2021-12-06,100.25,106.25
2021-12-07,100.5,106.5
2021-12-09,100.75,106.75
2021-12-10,100.75,106.75
2021-12-13,100.75,106.75
2021-12-14,101.0,107.0
2021-12-15,101.0,107.0
2021-12-16,101.0,107.0
2021-12-17,101.0,107.0
2021-12-20,101.0,107.0
2021-12-21,101.0,107.0
2021-12-22,101.25,107.25
2021-12-23,101.25,107.25
2021-12-27,101.5,107.5
2021-12-28,101.75,107.75
2021-12-29,101.75,107.75
2021-12-30,101.75,107.75
2022-01-03,102.0,108.0
2022-01-04,102.0,108.0
2022-01-05,102.0,108.0
2022-01-06,102.25,108.25
2022-01-07,102.5,108.5
2022-01-10,102.5,108.5
2022-01-11,102.5,108.5
2022-01-12,102.75,108.75
2022-01-13,102.75,108.75
2022-01-14,102.75,108.75
2022-01-17,103.0,109.0
2022-01-18,103.0,109.0
2022-01-19,103.0,109.0
2022-01-20,103.0,109.0
2022-01-21,103.25,109.25
2022-01-24,103.5,109.5
2022-01-25,103.5,109.5
2022-01-26,103.5,109.5
2022-01-27,104.0,110.0
2022-01-28,104.25,110.25
2022-01-31,104.25,110.25
2022-02-01,104.25,110.25
2022-02-02,104.25,110.25
2022-02-03,104.5,110.5
2022-02-04,104.75,110.75
2022-02-07,105.0,111.0
2022-02-08,105.0,111.0
2022-02-09,105.0,111.0
2022-02-10,105.25,111.25
2022-02-11,105.25,111.25
2022-02-14,105.75,111.75
2022-02-15,106.0,112.0
2022-02-16,106.0,112.0
2022-02-17,106.0,112.0
2022-02-18,106.0,112.0
2022-02-21,106.25,112.25
2022-02-22,106.5,112.5
2022-02-23,106.5,112.5
2022-02-24,106.5,112.5
2022-02-25,106.5,112.5
2022-03-02,107.0,113.0
2022-03-03,107.25,113.25
2022-03-04,107.25,113.25
2022-03-07,107.75,113.75
2022-03-08,107.75,113.75
2022-03-09,108.0,114.0
2022-03-10,108.0,114.0
2022-03-11,108.0,114.0
2022-03-14,108.25,114.25
2022-03-15,108.5,114.5
2022-03-16,108.5,114.5
2022-03-17,108.5,114.5
2022-03-18,108.75,114.75
2022-03-21,109.0,115.0
2022-03-22,109.25,115.25
2022-03-23,109.5,115.5
2022-03-25,109.5,115.5
2022-03-28,109.75,115.75
2022-03-29,109.75,115.75
2022-03-30,110.0,116.0
2022-03-31,110.0,116.0
2022-04-01,110.25,116.25
2022-04-04,110.75,116.75
2022-04-05,110.75,116.75
2022-04-06,111.0,117.0
2022-04-07,111.25,117.25
2022-04-08,111.25,117.25
2022-04-11,111.75,117.75
2022-04-12,111.75,117.75
2022-04-13,112.0,118.0
2022-04-18,112.5,118.5
2022-04-19,112.75,118.75
2022-04-20,113.0,119.0
2022-04-21,113.25,119.25
2022-04-22,113.5,119.5
2022-04-25,113.5,119.5
2022-04-26,113.75,119.75
2022-04-27,113.75,119.75
2022-04-28,113.75,119.75
2022-04-29,114.25,120.25
2022-05-02,114.5,120.5
2022-05-03,115.0,121.0
2022-05-04,115.25,121.25
2022-05-05,115.25,121.25
2022-05-06,115.75,121.75
2022-05-09,115.75,121.75
2022-05-10,116.0,122.0
2022-05-11,116.25,122.25
2022-05-12,116.5,122.5
2022-05-13,117.0,123.0
2022-05-16,117.0,123.0
2022-05-17,117.25,123.25
2022-05-19,117.5,123.5
2022-05-20,117.75,123.75
2022-05-23,118.0,124.0
2022-05-24,118.25,124.25
2022-05-26,118.25,124.25
2022-05-27,118.5,124.5
2022-05-30,119.0,125.0
2022-05-31,119.25,125.25
2022-06-01,119.25,125.25
2022-06-02,119.5,125.5
2022-06-03,120.0,126.0
2022-06-06,120.25,126.25
2022-06-07,120.25,126.25
2022-06-08,120.5,126.5
2022-06-09,120.75,126.75
2022-06-10,121.0,127.0
2022-06-13,121.25,127.25
2022-06-14,121.5,127.5
2022-06-15,121.75,127.75
2022-06-16,121.75,127.75
2022-06-21,122.5,128.5
2022-06-22,122.5,128.5
2022-06-23,122.75,128.75
2022-06-24,122.75,128.75
2022-06-27,123.75,129.75
2022-06-28,123.75,129.75
2022-06-29,123.75,129.75
2022-06-30,124.0,130.0
2022-07-01,124.25,130.25
2022-07-04,125.5,131.5
2022-07-05,125.75,131.75
2022-07-06,126.0,132.0
2022-07-07,125.75,132.25
2022-07-08,126.25,133.25
2022-07-11,126.75,134.25
2022-07-12,126.75,134.75
2022-07-13,127.0,135.0
2022-07-14,127.0,135.0
2022-07-15,127.0,135.0
2022-07-18,127.25,135.25
2022-07-19,127.75,135.75
2022-07-20,127.75,135.75
2022-07-21,128.0,136.0
2022-07-22,128.0,136.0
2022-07-25,128.75,136.75
2022-07-26,129.0,137.0
2022-07-27,129.25,137.25
2022-07-28,129.25,137.25
2022-07-29,129.25,137.25
2022-08-01,130.25,138.25
2022-08-02,130.5,138.5
2022-08-03,130.75,138.75
2022-08-04,130.75,138.75
2022-08-05,130.75,138.75
2022-08-08,131.75,139.75
2022-08-09,132.0,140.0
2022-08-10,132.0,140.0
2022-08-11,132.0,140.0
2022-08-12,133.0,141.0
2022-08-16,133.75,141.75
2022-08-17,134.0,142.0
2022-08-18,134.0,142.0
2022-08-19,134.25,142.25
2022-08-22,135.5,143.5
2022-08-23,135.75,143.75
2022-08-24,136.0,144.0
2022-08-25,136.0,144.0
2022-08-26,136.25,144.25
2022-08-29,137.0,145.0
2022-08-30,137.0,145.0
2022-08-31,137.0,145.0
2022-09-01,137.0,145.0
2022-09-05,138.0,146.0
2022-09-06,138.5,146.5
2022-09-07,139.0,147.0
2022-09-08,139.5,147.5
2022-09-09,139.5,147.5
2022-09-12,140.75,148.75
2022-09-13,141.0,149.0
2022-09-14,141.0,149.0
2022-09-15,141.0,149.0
2022-09-16,141.0,149.0
2022-09-19,142.0,150.0
2022-09-20,142.5,150.5
2022-09-21,142.75,150.75
2022-09-22,143.0,151.0
2022-09-23,143.25,151.25
2022-09-26,144.25,152.25
2022-09-27,144.75,152.75
2022-09-28,145.0,153.0
2022-09-29,145.0,153.0
2022-09-30,145.25,153.25
2022-10-03,146.25,154.25
2022-10-04,147.0,155.0
2022-10-05,147.25,155.25
2022-10-06,147.25,155.25
2022-10-11,149.0,157.0
2022-10-12,149.25,157.25
2022-10-13,149.25,157.25
2022-10-14,149.25,157.25
2022-10-17,150.75,158.75
2022-10-18,151.0,159.0
2022-10-19,151.0,159.0
2022-10-20,151.5,159.5
2022-10-21,151.5,159.5
2022-10-24,153.0,161.0
2022-10-25,153.5,161.5
2022-10-26,153.5,161.5
2022-10-27,153.5,161.5
2022-10-28,153.5,161.5
2022-10-31,154.5,162.5
2022-11-01,155.0,163.0
2022-11-02,155.5,163.5
2022-11-03,156.0,164.0
2022-11-04,156.5,164.5
2022-11-07,157.5,165.5
2022-11-08,158.0,166.0
2022-11-09,158.5,166.5
2022-11-10,159.0,167.0
2022-11-11,159.0,167.0
2022-11-14,159.5,167.5
2022-11-15,160.5,168.5
2022-11-16,161.0,169.0
2022-11-17,161.25,169.25
2022-11-18,161.25,169.25
2022-11-22,162.25,170.25
2022-11-23,163.25,171.25
2022-11-24,163.75,171.75
2022-11-25,163.75,171.75
2022-11-28,164.75,172.75
2022-11-29,165.75,173.75
2022-11-30,166.25,174.25
2022-12-01,166.25,174.25
2022-12-02,166.75,174.75
2022-12-05,167.75,175.75
2022-12-06,168.0,176.0
2022-12-07,168.0,176.0
2022-12-12,170.0,178.0
2022-12-13,170.5,178.5
2022-12-14,170.5,178.5
2022-12-15,170.5,178.5
2022-12-16,171.0,179.0
2022-12-19,172.0,180.0
2022-12-20,172.0,180.0
2022-12-21,172.5,180.5
2022-12-22,172.5,180.5
2022-12-23,173.0,181.0
2022-12-26,174.5,182.5
2022-12-27,174.5,182.5
2022-12-28,175.0,183.0
2022-12-29,175.25,183.25
2022-12-30,175.25,183.25
2023-01-02,176.75,184.75
2023-01-03,177.75,185.75
2023-01-04,177.75,185.75
2023-01-05,177.75,185.75
2023-01-06,177.75,185.75
2023-01-09,179.25,187.25
2023-01-10,179.75,187.75
2023-01-11,179.75,187.75
2023-01-12,179.75,187.75
2023-01-13,179.75,187.75
2023-01-16,181.0,189.0
2023-01-17,181.25,189.25
2023-01-18,181.25,189.25
2023-01-19,181.25,189.25
2023-01-20,181.75,189.75
2023-01-23,183.25,191.25
2023-01-24,183.5,191.5
2023-01-25,183.5,191.5
2023-01-26,184.25,192.25
2023-01-27,184.25,192.25
2023-01-30,185.25,193.25
2023-01-31,186.0,194.0
2023-02-01,186.5,194.5
2023-02-02,186.5,194.5
2023-02-03,187.0,195.0
2023-02-06,188.0,196.0
2023-02-07,188.25,196.25
2023-02-08,188.25,196.25
2023-02-09,188.25,196.25
2023-02-10,189.25,197.25
2023-02-13,189.75,197.75
2023-02-14,190.0,198.0
2023-02-15,190.25,198.25
2023-02-16,190.5,198.5
2023-02-17,191.25,199.25
2023-02-22,192.5,200.5
2023-02-23,194.0,202.0
2023-02-24,194.25,202.25
2023-02-27,195.5,203.5
2023-02-28,196.0,204.0
2023-03-01,196.0,204.0
2023-03-02,197.0,205.0
2023-03-03,197.5,205.5
2023-03-06,198.25,206.25
2023-03-07,198.25,206.25
2023-03-08,198.75,206.75
2023-03-09,198.75,206.75
2023-03-10,199.0,207.0
2023-03-13,200.25,208.25
2023-03-14,200.75,208.75
2023-03-15,201.0,209.0
2023-03-16,201.5,209.5
2023-03-17,202.0,210.0
2023-03-20,203.0,211.0
2023-03-21,203.75,211.75
2023-03-22,204.25,212.25
2023-03-23,204.5,212.5
2023-03-27,205.5,213.5
2023-03-28,206.5,214.5
2023-03-29,207.0,215.0
2023-03-30,207.5,215.5
2023-03-31,207.5,215.5
2023-04-03,208.5,216.5
2023-04-04,209.5,217.5
2023-04-05,210.5,218.5
2023-04-10,212.25,220.25
2023-04-11,212.75,220.75
2023-04-12,212.75,220.75
2023-04-13,212.75,220.75
2023-04-14,213.0,221.0
2023-04-17,214.5,222.5
2023-04-18,215.0,223.0
2023-04-19,216.0,224.0
2023-04-20,216.5,224.5
2023-04-21,217.0,225.0
2023-04-24,218.0,226.0
2023-04-25,218.5,226.5
2023-04-26,219.5,227.5
2023-04-27,220.5,228.5
2023-04-28,221.0,229.0
2023-05-02,222.5,230.5
2023-05-03,224.0,232.0
2023-05-04,225.0,233.0
2023-05-05,226.0,234.0
2023-05-08,228.0,236.0
2023-05-09,227.0,237.0
2023-05-10,227.5,237.5
2023-05-11,228.0,238.0
2023-05-12,228.5,238.5
2023-05-15,230.0,240.0
2023-05-16,230.5,240.5
2023-05-17,231.0,241.0
2023-05-18,231.5,241.5
2023-05-19,232.0,242.0
2023-05-22,233.5,243.5
2023-05-23,234.0,244.0
2023-05-24,235.0,245.0
2023-05-29,238.0,248.0
2023-05-30,237.5,248.5
2023-05-31,237.0,249.0
2023-06-01,237.5,249.5
2023-06-02,238.5,250.5
2023-06-05,239.5,251.5
2023-06-06,240.5,252.5
2023-06-07,240.5,252.5
2023-06-08,241.0,254.0
2023-06-09,241.5,254.5
2023-06-12,242.5,255.5
2023-06-13,243.0,256.0
2023-06-14,243.5,256.5
2023-06-15,245.0,258.0
2023-06-16,246.0,259.0
2023-06-21,249.5,262.5
2023-06-22,250.5,263.5
2023-06-23,251.5,264.5
2023-06-26,252.5,265.5
2023-06-27,253.0,266.0
2023-06-28,253.5,266.5
2023-06-29,254.0,267.0
2023-06-30,255.0,268.0
2023-07-03,257.0,270.0
2023-07-04,257.5,270.5
2023-07-05,258.5,271.5
2023-07-06,259.0,272.0
2023-07-07,260.0,273.0
2023-07-10,261.5,274.5
2023-07-11,262.0,275.0
2023-07-12,262.5,275.5
2023-07-13,263.5,276.5
2023-07-14,264.0,277.0
2023-07-17,266.0,279.0
2023-07-18,266.0,279.0
2023-07-19,266.5,279.5
2023-07-20,267.0,280.0
2023-07-21,268.5,281.5
2023-07-24,270.5,283.5
2023-07-25,270.5,283.5
2023-07-26,271.0,284.0
2023-07-27,271.0,284.0
2023-07-28,272.0,285.0
2023-07-31,273.5,286.5
2023-08-01,274.5,287.5
2023-08-02,275.5,288.5
2023-08-03,277.0,290.0
2023-08-04,278.0,291.0
2023-08-07,280.0,293.0
2023-08-08,281.0,294.0
2023-08-09,282.0,295.0
2023-08-10,283.0,296.0
2023-08-11,285.5,298.5
2023-08-14,347.5,365.5
2023-08-15,347.5,365.5
2023-08-16,347.5,365.5
2023-08-17,347.5,365.5
2023-08-18,347.5,365.5
2023-08-22,347.5,365.5
2023-08-23,347.5,365.5
2023-08-24,347.5,365.5
2023-08-25,347.5,365.5
2023-08-28,347.5,365.5
2023-08-29,347.5,365.5
2023-08-30,347.5,365.5
2023-08-31,347.5,365.5
2023-09-01,347.5,365.5
2023-09-04,347.5,365.5
2023-09-05,347.5,365.5
2023-09-06,347.5,365.5
2023-09-07,347.5,365.5
2023-09-08,347.5,365.5
2023-09-11,347.5,365.5
2023-09-12,347.5,365.5
2023-09-13,347.5,365.5
2023-09-14,347.5,365.5
2023-09-15,347.5,365.5
2023-09-18,347.5,365.5
2023-09-19,347.5,365.5
2023-09-20,347.5,365.5
2023-09-21,347.5,365.5
2023-09-22,347.5,365.5
2023-09-25,347.5,365.5
2023-09-26,347.5,365.5
2023-09-27,347.5,365.5
2023-09-28,347.5,365.5
2023-09-29,347.5,365.5
2023-10-02,347.5,365.5
2023-10-03,347.5,365.5
2023-10-04,347.5,365.5
2023-10-05,347.5,365.5
2023-10-06,347.5,365.5
2023-10-09,347.5,365.5
2023-10-10,347.5,365.5
2023-10-11,347.5,365.5
2023-10-12,347.5,365.5
2023-10-17,347.5,365.5
2023-10-18,347.5,365.5
2023-10-19,347.5,365.5
2023-10-20,347.5,365.5
2023-10-23,347.5,365.5
2023-10-24,347.5,365.5
2023-10-25,347.5,365.5
2023-10-26,347.5,365.5
2023-10-27,347.5,365.5
2023-10-30,347.5,365.5
2023-10-31,347.5,365.5
2023-11-01,347.5,365.5
2023-11-02,347.5,365.5
2023-11-03,347.5,365.5
2023-11-07,347.5,365.5
2023-11-08,347.5,365.5
2023-11-09,347.5,365.5
2023-11-10,347.5,365.5
2023-11-13,347.5,365.5
2023-11-14,347.5,365.5
2023-11-15,350.5,368.5
2023-11-16,351.0,369.0
2023-11-17,351.5,369.5
2023-11-21,353.5,371.5
2023-11-22,354.0,372.0
2023-11-23,354.5,372.5
2023-11-24,355.0,373.0
2023-11-27,356.5,374.5
2023-11-28,357.0,375.0
2023-11-29,357.5,375.5
2023-11-30,358.0,376.0
2023-12-01,358.5,376.5
2023-12-04,360.0,378.0
2023-12-05,360.5,378.5
2023-12-06,361.0,379.0
2023-12-07,382.5,400.5
2023-12-11,365.5,400.5
2023-12-12,365.5,400.5
2023-12-13,780.0,820.0
2023-12-14,780.62,820.62
2023-12-15,781.0,821.0
2023-12-18,782.5,822.5
2023-12-19,783.0,823.0
2023-12-20,783.5,823.5
2023-12-21,784.0,824.0
2023-12-22,784.5,824.5
2023-12-26,786.75,826.75
2023-12-27,787.25,827.25
2023-12-28,787.75,827.75
2023-12-29,788.25,828.25
2024-01-02,790.25,830.25
2024-01-03,791.0,831.0
2024-01-04,791.5,831.5
2024-01-05,792.0,832.0
2024-01-08,793.5,833.5
2024-01-09,794.0,834.0
2024-01-10,794.5,834.5
2024-01-11,795.0,835.0
2024-01-12,795.5,835.5
2024-01-15,797.25,837.25
2024-01-16,797.75,837.75
2024-01-17,798.25,838.25
2024-01-18,798.75,838.75
2024-01-19,799.25,839.25
2024-01-22,800.75,840.75
2024-01-23,801.25,841.25
2024-01-24,801.75,841.75
2024-01-25,802.25,842.25
2024-01-26,802.75,842.75
2024-01-29,804.5,844.5
2024-01-30,805.0,845.0
2024-01-31,805.5,845.5
2024-02-01,806.0,846.0
2024-02-02,806.5,846.5
2024-02-05,808.0,848.0
2024-02-06,808.5,848.5
2024-02-07,809.0,849.0
2024-02-08,809.5,849.5
2024-02-09,810.0,850.0
2024-02-14,813.0,853.0
2024-02-15,813.5,853.5
2024-02-16,814.0,854.0
2024-02-19,815.5,855.5
2024-02-20,816.0,856.0
2024-02-21,816.5,856.5
2024-02-22,817.0,857.0
2024-02-23,817.5,857.5
2024-02-26,819.5,859.5
2024-02-27,820.0,860.0
2024-02-28,820.5,860.5
2024-02-29,821.0,861.0
2024-03-01,821.5,861.5
2024-03-04,823.0,863.0
2024-03-05,824.0,864.0
2024-03-06,824.5,864.5
2024-03-07,825.0,865.0
2024-03-08,825.5,865.5
2024-03-11,827.0,867.0
2024-03-12,827.5,867.5
2024-03-13,828.5,868.5
2024-03-14,829.0,869.0
2024-03-15,829.5,869.5
2024-03-18,831.0,871.0
2024-03-19,831.5,871.5
2024-03-20,832.0,872.0
2024-03-21,832.5,872.5
2024-03-22,833.5,873.5
2024-03-25,835.0,875.0
2024-03-26,835.5,875.5
2024-03-27,836.0,876.0
2024-04-03,840.0,880.0
2024-04-04,840.5,880.5
2024-04-05,841.5,881.5
2024-04-08,843.0,883.0
2024-04-09,843.5,883.5
2024-04-10,844.0,884.0
2024-04-11,844.5,884.5
2024-04-12,845.5,885.5
2024-04-15,847.0,887.0
2024-04-16,847.5,887.5
2024-04-17,848.0,888.0
2024-04-18,848.5,888.5
2024-04-19,850.0,890.0
2024-04-22,852.0,892.0
2024-04-23,852.0,892.0
2024-04-24,852.5,892.5
2024-04-25,853.0,893.0
2024-04-26,854.0,894.0
2024-04-29,855.5,895.5
2024-04-30,856.0,896.0
2024-05-02,857.0,897.0
2024-05-03,857.5,897.5
2024-05-06,859.0,899.0
2024-05-07,859.5,899.5
2024-05-08,860.5,900.5
2024-05-09,861.0,901.0
2024-05-10,861.5,901.5
2024-05-13,863.0,903.0
2024-05-14,864.0,904.0
2024-05-15,864.5,904.5
2024-05-16,865.0,905.0
2024-05-17,865.5,905.5
2024-05-20,867.5,907.5
2024-05-21,868.0,908.0
2024-05-22,868.5,908.5
2024-05-23,869.0,909.0
2024-05-24,869.5,909.5
2024-05-27,871.5,911.5
2024-05-28,872.5,912.5
2024-05-29,873.0,913.0
2024-05-30,873.0,913.0
2024-05-31,874.0,914.0
2024-06-03,876.0,916.0
2024-06-04,876.5,916.5
2024-06-05,876.5,916.5
2024-06-06,878.0,918.0
2024-06-07,878.0,918.0
2024-06-10,880.5,920.5
2024-06-11,881.0,921.0
2024-06-12,881.5,921.5
2024-06-13,881.5,921.5
2024-06-14,882.0,922.0
2024-06-18,884.0,924.0
2024-06-19,884.5,924.5
2024-06-24,887.0,927.0
2024-06-25,887.5,927.5
2024-06-26,888.0,928.0
2024-06-27,889.5,929.5
2024-06-28,890.5,930.5
2024-07-01,892.5,932.5
2024-07-02,893.0,933.0
2024-07-03,893.5,933.5
2024-07-04,894.0,934.0
2024-07-05,894.5,934.5
2024-07-08,896.5,936.5
2024-07-10,897.5,937.5
2024-07-11,898.0,938.0
2024-07-12,900.0,940.0
2024-07-15,900.5,940.5
2024-07-16,901.0,941.0
2024-07-17,902.0,942.0
2024-07-18,902.5,942.5
2024-07-19,904.5,944.5
2024-07-22,906.0,946.0
2024-07-23,906.0,946.0
2024-07-24,906.5,946.5
2024-07-25,907.5,947.5
2024-07-26,910.0,950.0
2024-07-29,910.5,950.5
2024-07-30,911.0,951.0
2024-07-31,911.5,951.5
2024-08-01,911.5,951.5
2024-08-02,913.5,953.5
2024-08-05,914.0,954.0
2024-08-06,914.5,954.5
2024-08-07,915.5,955.5
2024-08-08,915.5,955.5
2024-08-09,917.5,957.5
2024-08-12,918.0,958.0
2024-08-13,918.5,958.5
2024-08-14,919.0,959.0
2024-08-15,920.0,960.0
2024-08-16,922.0,962.0
2024-08-19,923.0,963.0
2024-08-20,923.0,963.0
2024-08-21,923.5,963.5
2024-08-22,924.0,964.0
2024-08-23,926.0,966.0
2024-08-26,928.0,968.0
2024-08-27,929.5,969.5
2024-08-28,929.5,969.5
2024-08-29,930.0,970.0
2024-08-30,932.0,972.0
2024-09-02,933.0,973.0
2024-09-03,933.0,973.0
2024-09-04,933.5,973.5
2024-09-05,934.0,974.0
2024-09-06,936.5,976.5
2024-09-09,937.0,977.0
2024-09-10,938.0,978.0
2024-09-11,938.0,978.0
2024-09-12,938.5,978.5
2024-09-13,940.5,980.5
2024-09-16,942.0,982.0
2024-09-17,942.0,982.0
2024-09-18,942.0,982.0
2024-09-19,943.5,983.5
2024-09-20,945.0,985.0
2024-09-23,945.5,985.5
2024-09-24,946.0,986.0
2024-09-25,947.0,987.0
2024-09-26,948.5,988.5
2024-09-27,949.5,989.5
2024-09-30,950.0,990.0
2024-10-01,950.5,990.5
2024-10-02,951.0,991.0
2024-10-03,952.5,992.5
2024-10-04,954.0,994.0
2024-10-07,955.0,995.0
2024-10-08,955.5,995.5
2024-10-09,955.5,995.5
2024-10-10,958.5,998.5
2024-10-14,959.5,999.5
2024-10-15,960.0,1000.0
2024-10-16,960.5,1000.5
2024-10-17,961.0,1001.0
2024-10-18,964.0,1004.0
2024-10-21,964.5,1004.5
2024-10-22,964.5,1004.5
2024-10-23,965.0,1005.0
2024-10-24,965.5,1005.5
2024-10-25,967.5,1007.5
2024-10-28,968.0,1008.0
2024-10-29,968.5,1008.5
2024-10-30,969.5,1009.5
2024-10-31,971.5,1011.5
2024-11-01,973.0,1013.0
2024-11-04,973.0,1013.0
2024-11-05,974.0,1014.0
2024-11-07,974.5,1014.5
2024-11-08,976.5,1016.5
2024-11-11,977.5,1017.5
2024-11-12,978.0,1018.0
2024-11-13,978.5,1018.5
2024-11-14,979.0,1019.0
2024-11-15,982.0,1022.0
2024-11-19,982.5,1022.5
2024-11-20,983.0,1023.0
2024-11-21,984.5,1024.5
2024-11-22,986.5,1026.5
2024-11-25,987.0,1027.0
2024-11-26,987.5,1027.5
2024-11-27,988.0,1028.0
2024-11-28,988.5,1028.5
2024-11-29,991.0,1031.0
2024-12-02,992.0,1032.0
2024-12-03,992.5,1032.5
2024-12-04,992.5,1032.5
2024-12-05,993.0,1033.0
2024-12-06,995.0,1035.0
2024-12-09,996.0,1036.0
2024-12-10,996.5,1036.5
2024-12-11,997.0,1037.0
2024-12-12,998.5,1038.5
2024-12-13,1000.0,1040.0
2024-12-16,1002.0,1042.0
2024-12-17,1002.5,1042.5
2024-12-18,1002.5,1042.5
2024-12-19,1002.5,1042.5
2024-12-20,1004.5,1044.5
2024-12-23,1008.0,1048.0
2024-12-26,1009.0,1049.0
2024-12-27,1011.0,1051.0
2024-12-30,1012.5,1052.5
2025-01-02,1012.5,1052.5
2025-01-03,1015.0,1055.0
2025-01-06,1015.0,1055.0
2025-01-07,1015.5,1055.5
2025-01-08,1016.0,1056.0
2025-01-09,1017.0,1057.0
2025-01-10,1019.0,1059.0
2025-01-13,1019.5,1059.5
2025-01-14,1020.5,1060.5
2025-01-15,1021.5,1061.5
2025-01-16,1022.0,1062.0
2025-01-17,1023.5,1063.5
2025-01-20,1026.0,1066.0
2025-01-21,1026.5,1066.5
2025-01-22,1027.5,1067.5
2025-01-23,1028.0,1068.0
2025-01-24,1029.0,1069.0
2025-01-27,1030.0,1070.0
2025-01-28,1030.5,1070.5
2025-01-29,1031.5,1071.5
2025-01-30,1032.0,1072.0
2025-01-31,1033.5,1073.5
2025-02-03,1034.25,1074.25
2025-02-04,1034.5,1074.5
2025-02-05,1034.5,1074.5
2025-02-06,1034.75,1074.75
2025-02-07,1035.75,1075.75
2025-02-10,1036.0,1076.0
2025-02-11,1036.0,1076.0
2025-02-12,1036.25,1076.25
2025-02-13,1037.25,1077.25
2025-02-14,1038.0,1078.0
2025-02-17,1038.75,1078.75
2025-02-18,1039.0,1079.0
2025-02-19,1039.0,1079.0
2025-02-20,1039.25,1079.25
2025-02-21,1040.25,1080.25
2025-02-24,1040.5,1080.5
2025-02-25,1041.0,1081.0
2025-02-26,1041.25,1081.25
2025-02-27,1041.75,1081.75
2025-02-28,1044.25,1084.25
2025-03-05,1044.5,1084.5
2025-03-06,1044.5,1084.5
2025-03-07,1046.0,1086.0
2025-03-10,1046.25,1086.25
2025-03-11,1046.25,1086.25
2025-03-12,1046.25,1086.25
2025-03-13,1046.5,1086.5
2025-03-14,1048.0,1088.0
2025-03-17,1048.25,1088.25
2025-03-18,1048.5,1088.5
2025-03-19,1049.25,1089.25
2025-03-20,1049.5,1089.5
2025-03-21,1051.0,1091.0
2025-03-25,1051.25,1091.25
2025-03-26,1051.5,1091.5
2025-03-27,1051.75,1091.75
2025-03-28,1053.0,1093.0
2025-03-31,1053.5,1093.5
2025-04-01,1054.25,1094.25
2025-04-03,1054.5,1094.5
2025-04-04,1055.5,1095.5
2025-04-07,1055.75,1095.75
2025-04-08,1056.0,1096.0
2025-04-09,1036.5,1096.5
2025-04-10,1036.75,1096.75
2025-04-11,1037.5,1097.5
2025-04-14,1180.0,1230.0
2025-04-15,1180.0,1230.0
2025-04-16,1110.0,1160.0
2025-04-21,1060.0,1110.0
2025-04-22,1070.0,1120.0
2025-04-23,1120.0,1170.0
2025-04-24,1140.0,1190.0
2025-04-25,1140.0,1190.0
2025-04-28,1140.0,1190.0
2025-04-29,1130.0,1180.0
2025-04-30,1140.0,1190.0
2025-05-05,1160.0,1210.0
2025-05-06,1165.0,1215.0
2025-05-07,1090.0,1140.0
2025-05-08,1080.0,1130.0
2025-05-09,1100.0,1150.0
2025-05-12,1100.0,1150.0
2025-05-13,1100.0,1150.0
2025-05-14,1100.0,1150.0
2025-05-15,1100.0,1150.0
2025-05-16,1110.0,1160.0
2025-05-19,1105.0,1155.0
2025-05-20,1110.0,1160.0
2025-05-21,1110.0,1160.0
2025-05-22,1105.0,1155.0
2025-05-23,1100.0,1150.0
2025-05-26,1110.0,1160.0
2025-05-27,1120.0,1170.0
2025-05-28,1125.0,1175.0
2025-05-29,1145.0,1195.0
2025-05-30,1150.0,1200.0
2025-06-02,1150.0,1200.0
2025-06-03,1150.0,1200.0
2025-06-04,1150.0,1200.0
2025-06-05,1155.0,1205.0
2025-06-06,1150.0,1200.0
2025-06-09,1150.0,1200.0
2025-06-10,1150.0,1200.0
2025-06-11,1150.0,1200.0
2025-06-12,1150.0,1200.0
2025-06-13,1150.0,1200.0
2025-06-17,1135.0,1185.0
2025-06-18,1110.0,1160.0
2025-06-19,1130.0,1180.0
2025-06-23,1135.0,1185.0
2025-06-24,1145.0,1195.0
2025-06-25,1155.0,1205.0
2025-06-26,1155.0,1205.0
2025-06-27,1155.0,1205.0
2025-06-30,1165.0,1215.0
2025-07-01,1185.0,1235.0
2025-07-02,1195.0,1245.0
2025-07-03,1195.0,1245.0
2025-07-04,1210.0,1260.0
2025-07-07,1230.0,1280.0
2025-07-08,1225.0,1275.0
2025-07-10,1225.0,1275.0
2025-07-11,1225.0,1275.0
2025-07-14,1245.0,1295.0
2025-07-15,1230.0,1280.0
2025-07-16,1225.0,1275.0
2025-07-17,1240.0,1290.0
2025-07-18,1250.0,1300.0
2025-07-21,1250.0,1300.0
2025-07-22,1225.0,1275.0
2025-07-23,1225.0,1275.0
2025-07-24,1235.0,1285.0
2025-07-25,1245.0,1295.0
2025-07-28,1255.0,1305.0
2025-07-29,1250.0,1300.0
2025-07-30,1275.0,1325.0
2025-07-31,1330.0,1380.0
2025-08-01,1325.0,1375.0
2025-08-04,1320.0,1370.0
2025-08-05,1300.0,1350.0
2025-08-06,1295.0,1345.0
2025-08-07,1290.0,1340.0
2025-08-08,1285.0,1335.0
2025-08-11,1295.0,1335.0
2025-08-12,1290.0,1330.0
2025-08-13,1285.0,1325.0
2025-08-14,1270.0,1310.0
2025-08-18,1275.0,1315.0
2025-08-19,1270.0,1310.0
2025-08-20,1275.0,1315.0
2025-08-21,1285.0,1325.0
2025-08-22,1295.0,1335.0
2025-08-25,1330.0,1370.0
2025-08-26,1330.0,1370.0
2025-08-27,1320.0,1360.0
2025-08-28,1305.0,1345.0
2025-08-29,1320.0,1360.0
2025-09-01,1345.0,1385.0
2025-09-02,1335.0,1375.0
2025-09-03,1335.0,1375.0
2025-09-04,1335.0,1375.0
2025-09-05,1340.0,1380.0
2025-09-08,1365.0,1425.0
2025-09-09,1375.0,1425.0
2025-09-10,1385.0,1435.0
2025-09-11,1395.0,1445.0
2025-09-12,1415.0,1465.0
2025-09-15,1425.0,1475.0
2025-09-16,1430.0,1480.0
2025-09-17,1435.0,1485.0
2025-09-18,1445.0,1495.0
2025-09-19,1465.0,1515.0
2025-09-22,1380.0,1430.0
2025-09-23,1335.0,1385.0
2025-09-24,1310.0,1360.0
2025-09-25,1305.0,1355.0
2025-09-26,1300.0,1350.0
2025-09-29,1330.0,1380.0
2025-09-30,1350.0,1400.0
2025-10-01,1400.0,1450.0
2025-10-02,1400.0,1450.0
2025-10-03,1400.0,1450.0
2025-10-06,1405.0,1455.0
2025-10-07,1405.0,1455.0
2025-10-08,1405.0,1455.0
2025-10-09,1400.0,1450.0
2025-10-13,1325.0,1375.0
2025-10-14,1335.0,1385.0
2025-10-15,1355.0,1405.0
2025-10-16,1380.0,1430.0
2025-10-17,1425.0,1475.0
2025-10-20,1445.0,1495.0
2025-10-21,1465.0,1515.0
2025-10-22,1465.0,1515.0
2025-10-23,1455.0,1505.0
2025-10-24,1465.0,1515.0
2025-10-27,1410.0,1460.0
2025-10-28,1445.0,1495.0
2025-10-29,1410.0,1460.0
2025-10-30,1415.0,1465.0
2025-10-31,1425.0,1475.0
2025-11-03,1450.0,1500.0
2025-11-04,1435.0,1485.0
2025-11-05,1425.0,1475.0
2025-11-07,1395.0,1445.0
2025-11-10,1395.0,1445.0
2025-11-11,1390.0,1440.0
2025-11-12,1385.0,1435.0
2025-11-13,1380.0,1430.0
2025-11-14,1375.0,1425.0
2025-11-17,1365.0,1415.0
2025-11-18,1375.0,1425.0
2025-11-19,1380.0,1430.0
2025-11-20,1400.0,1450.0
2025-11-25,1420.0,1470.0
2025-11-26,1425.0,1475.0
2025-11-27,1425.0,1475.0
2025-11-28,1425.0,1475.0
2025-12-01,1425.0,1475.0
2025-12-02,1430.0,1480.0
2025-12-03,1430.0,1480.0
2025-12-04,1420.0,1470.0
2025-12-05,1410.0,1460.0
2025-12-09,1415.0,1465.0
2025-12-10,1410.0,1460.0
2025-12-11,1410.0,1460.0
2025-12-12,1415.0,1465.0
2025-12-15,1415.0,1465.0
2025-12-16,1430.0,1480.0
2025-12-17,1425.0,1475.0
2025-12-18,1425.0,1475.0
2025-12-19,1425.0,1475.0
2025-12-22,1425.0,1475.0
2025-12-23,1425.0,1475.0
2025-12-26,1425.0,1475.0
2025-12-29,1425.0,1475.0
2025-12-30,1430.0,1480.0
2026-01-02,1445.0,1495.0
2026-01-05,1445.0,1495.0
2026-01-06,1440.0,1490.0
2026-01-07,1435.0,1485.0
2026-01-08,1435.0,1485.0
2026-01-09,1440.0,1490.0
2026-01-12,1440.0,1490.0
2026-01-13,1435.0,1485.0
2026-01-14,1430.0,1480.0
2026-01-15,1420.0,1470.0
2026-01-16,1405.0,1455.0
2026-01-19,1410.0,1460.0
2026-01-20,1410.0,1460.0
2026-01-21,1405.0,1455.0
2026-01-22,1400.0,1450.0
2026-01-23,1405.0,1455.0
2026-01-26,1410.0,1460.0
2026-01-27,1415.0,1465.0
2026-01-28,1415.0,1465.0
2026-01-29,1415.0,1465.0
2026-01-30,1415.0,1465.0
2026-02-02,1420.0,1470.0
2026-02-03,1415.0,1465.0
2026-02-04,1415.0,1465.0
2026-02-05,1410.0,1460.0
2026-02-06,1400.0,1450.0
2026-02-09,1390.0,1440.0
2026-02-10,1375.0,1425.0
2026-02-11,1370.0,1420.0
2026-02-12,1365.0,1415.0
2026-02-13,1370.0,1420.0
2026-02-18,1370.0,1420.0
2026-02-19,1360.0,1410.0
2026-02-20,1345.0,1395.0
2026-02-23,1340.0,1390.0
2026-02-24,1350.0,1400.0
2026-02-25,1365.0,1415.0
2026-02-26,1375.0,1425.0
2026-02-27,1370.0,1420.0
2026-03-02,1365.0,1415.0
2026-03-03,1385.0,1435.0
2026-03-04,1370.0,1420.0
2026-03-05,1375.0,1425.0
2026-03-06,1385.0,1435.0
2026-03-09,1385.0,1435.0
2026-03-10,1370.0,1420.0
2026-03-11,1365.0,1415.0
2026-03-12,1365.0,1415.0
2026-03-13,1370.0,1420.0
2026-03-16,1365.0,1415.0
2026-03-17,1365.0,1415.0
2026-03-18,1365.0,1415.0
2026-03-19,1365.0,1415.0
2026-03-20,1360.0,1410.0
2026-03-25,1350.0,1400.0
2026-03-26,1340.0,1390.0
2026-03-27,1355.0,1405.0
2026-03-30,1370.0,1420.0
2026-03-31,1355.0,1405.0
2026-04-01,1365.0,1415.0
2026-04-06,1365.0,1415.0
2026-04-07,1365.0,1415.0
2026-04-08,1360.0,1410.0
2026-04-09,1355.0,1405.0
2026-04-10,1345.0,1395.0
2026-04-13,1335.0,1385.0
2026-04-14,1335.0,1385.0
2026-04-15,1335.0,1385.0
2026-04-16,1330.0,1380.0
2026-04-17,1340.0,1390.0
2026-04-20,1350.0,1400.0
2026-04-21,1350.0,1400.0
2026-04-22,1350.0,1400.0
2026-04-23,1365.0,1415.0
2026-04-24,1370.0,1420.0
2026-04-27,1390.0,1440.0
2026-04-28,1380.0,1430.0
2026-04-29,1365.0,1415.0
2026-04-30,1365.0,1415.0
2026-05-04,1375.0,1425.0
2026-05-05,1365.0,1415.0
2026-05-06,1360.0,1410.0
2026-05-07,1370.0,1420.0
2026-05-08,1370.0,1420.0
2026-05-11,1365.0,1415.0
2026-05-12,1355.0,1405.0
2026-05-13,1365.0,1415.0
2026-05-14,1365.0,1415.0
2026-05-15,1370.0,1420.0
2026-05-18,1370.0,1420.0
2026-05-19,1370.0,1420.0
2026-05-20,1370.0,1420.0
2026-05-21,1360.0,1410.0
2026-05-22,1375.0,1425.0
2026-05-26,1380.0,1430.0
2026-05-27,1380.0,1430.0
2026-05-28,1380.0,1430.0
2026-05-29,1380.0,1430.0
2026-06-01,1395.0,1445.0
2026-06-02,1400.0,1450.0
2026-06-03,1410.0,1460.0
2026-06-04,1405.0,1455.0
2026-06-05,1410.0,1460.0
2026-06-08,1415.0,1465.0
2026-06-09,1410.0,1460.0
2026-06-10,1405.0,1455.0
2026-06-11,1400.0,1450.0
2026-06-12,1400.0,1450.0
2026-06-16,1400.0,1450.0
2026-06-17,1410.0,1460.0
2026-06-18,1420.0,1470.0
2026-06-19,1430.0,1480.0
2026-06-22,1430.0,1480.0
2026-06-23,1440.0,1490.0
2026-06-24,1445.0,1495.0
2026-06-25,1445.0,1495.0
2026-06-26,1445.0,1495.0
2026-06-29,1445.0,1495.0
2026-06-30,1450.0,1500.0
2026-07-01,1460.0,1510.0
