date,value
02-01-2018,289469
03-01-2018,273178
04-01-2018,256705
05-01-2018,250086
08-01-2018,236693
09-01-2018,228593
10-01-2018,238180
11-01-2018,245318
12-01-2018,240306
15-01-2018,230510
16-01-2018,226264
17-01-2018,278646
18-01-2018,262114
19-01-2018,255199
22-01-2018,254215
23-01-2018,237933
24-01-2018,229920
25-01-2018,261250
26-01-2018,251236
29-01-2018,238410
30-01-2018,237150
31-01-2018,200835
01-02-2018,260242
02-02-2018,259039
05-02-2018,265281
06-02-2018,253489
07-02-2018,291861
08-02-2018,276460
09-02-2018,286335
14-02-2018,244804
15-02-2018,240196
16-02-2018,214851
19-02-2018,208524
20-02-2018,195723
21-02-2018,287308
22-02-2018,257251
23-02-2018,264734
26-02-2018,250484
27-02-2018,242631
28-02-2018,239746
01-03-2018,304830
02-03-2018,317290
05-03-2018,276958
06-03-2018,272095
07-03-2018,274905
08-03-2018,276522
09-03-2018,274024
12-03-2018,298286
13-03-2018,297381
14-03-2018,315781
15-03-2018,264436
16-03-2018,228096
19-03-2018,229349
20-03-2018,211599
21-03-2018,246783
22-03-2018,247897
23-03-2018,256756
26-03-2018,256255
27-03-2018,236834
28-03-2018,240345
03-04-2018,324335
04-04-2018,325062
05-04-2018,295317
06-04-2018,279134
09-04-2018,263955
10-04-2018,260905
11-04-2018,275090
12-04-2018,269472
13-04-2018,260801
16-04-2018,232756
17-04-2018,244268
18-04-2018,310497
19-04-2018,288992
20-04-2018,276594
23-04-2018,279928
24-04-2018,265290
25-04-2018,253887
26-04-2018,268188
27-04-2018,256164
02-05-2018,310551
03-05-2018,300819
04-05-2018,304015
07-05-2018,274825
08-05-2018,255451
09-05-2018,256776
10-05-2018,265411
11-05-2018,287615
14-05-2018,312580
15-05-2018,314745
16-05-2018,346163
17-05-2018,334561
18-05-2018,310000
21-05-2018,292740
22-05-2018,265390
23-05-2018,260060
24-05-2018,240231
28-05-2018,261386
29-05-2018,250751
30-05-2018,277011
31-05-2018,289419
01-06-2018,306358
04-06-2018,319351
05-06-2018,323047
06-06-2018,322972
07-06-2018,322053
08-06-2018,284945
11-06-2018,287381
12-06-2018,291359
13-06-2018,290904
14-06-2018,300925
15-06-2018,309289
18-06-2018,300653
19-06-2018,292134
21-06-2018,474909
22-06-2018,403256
25-06-2018,405502
26-06-2018,338404
27-06-2018,300550
28-06-2018,279916
29-06-2018,288179
02-07-2018,376941
03-07-2018,328241
04-07-2018,338503
05-07-2018,375502
06-07-2018,334445
10-07-2018,315191
11-07-2018,302865
12-07-2018,289086
13-07-2018,304529
16-07-2018,284200
17-07-2018,288042
18-07-2018,442594
19-07-2018,422579
20-07-2018,377796
23-07-2018,380844
24-07-2018,353967
25-07-2018,331495
26-07-2018,353632
27-07-2018,335495
30-07-2018,323172
31-07-2018,303730
01-08-2018,354238
02-08-2018,370024
03-08-2018,387710
06-08-2018,392732
07-08-2018,392800
08-08-2018,391809
09-08-2018,382803
10-08-2018,382696
13-08-2018,383435
14-08-2018,359117
15-08-2018,543343
16-08-2018,514231
17-08-2018,467637
21-08-2018,471418
22-08-2018,484912
23-08-2018,483345
24-08-2018,473452
27-08-2018,444351
28-08-2018,449206
29-08-2018,486177
30-08-2018,468981
31-08-2018,447419
03-09-2018,472712
04-09-2018,474045
05-09-2018,491854
06-09-2018,536718
07-09-2018,563468
10-09-2018,548332
11-09-2018,543331
12-09-2018,533205
13-09-2018,535825
14-09-2018,535403
17-09-2018,493329
18-09-2018,475453
19-09-2018,609759
20-09-2018,542972
21-09-2018,473704
24-09-2018,465831
25-09-2018,510728
26-09-2018,512589
27-09-2018,523268
28-09-2018,496336
01-10-2018,532512
02-10-2018,485422
03-10-2018,493931
04-10-2018,503702
05-10-2018,526584
08-10-2018,513345
09-10-2018,503739
10-10-2018,506103
11-10-2018,505181
12-10-2018,487971
16-10-2018,499345
17-10-2018,569545
18-10-2018,510895
19-10-2018,477347
22-10-2018,474378
23-10-2018,487109
24-10-2018,526443
25-10-2018,523864
26-10-2018,535027
29-10-2018,509217
30-10-2018,493185
31-10-2018,415992
01-11-2018,504721
02-11-2018,491505
05-11-2018,433219
07-11-2018,533166
08-11-2018,532950
09-11-2018,533471
12-11-2018,507213
13-11-2018,449993
14-11-2018,443915
15-11-2018,438999
16-11-2018,450400
20-11-2018,470560
21-11-2018,563399
22-11-2018,582722
23-11-2018,651627
26-11-2018,651912
27-11-2018,609032
28-11-2018,583263
29-11-2018,504439
03-12-2018,509445
04-12-2018,480380
05-12-2018,449685
06-12-2018,454912
07-12-2018,477063
10-12-2018,514190
11-12-2018,535280
12-12-2018,556418
13-12-2018,580576
14-12-2018,611698
17-12-2018,607199
18-12-2018,581051
19-12-2018,592299
20-12-2018,569689
21-12-2018,565702
26-12-2018,553366
27-12-2018,530134
28-12-2018,549441
02-01-2019,525096
03-01-2019,494590
04-01-2019,486492
07-01-2019,475785
08-01-2019,486048
09-01-2019,464551
10-01-2019,469383
11-01-2019,463033
14-01-2019,491444
15-01-2019,498718
16-01-2019,496311
17-01-2019,507225
18-01-2019,485066
21-01-2019,500089
22-01-2019,521675
23-01-2019,537485
24-01-2019,549852
25-01-2019,556804
28-01-2019,557902
29-01-2019,581921
30-01-2019,574878
31-01-2019,545695
01-02-2019,632618
04-02-2019,598043
05-02-2019,571039
06-02-2019,558165
07-02-2019,525679
08-02-2019,513040
11-02-2019,502069
12-02-2019,502894
13-02-2019,482732
14-02-2019,486031
15-02-2019,491917
18-02-2019,497497
19-02-2019,511430
20-02-2019,502633
21-02-2019,502425
22-02-2019,520541
25-02-2019,557335
26-02-2019,577344
27-02-2019,603074
28-02-2019,596972
01-03-2019,591409
06-03-2019,551134
07-03-2019,487901
08-03-2019,470295
11-03-2019,438865
12-03-2019,442239
13-03-2019,446405
14-03-2019,471557
15-03-2019,477204
18-03-2019,476863
19-03-2019,472126
20-03-2019,469316
21-03-2019,486095
22-03-2019,488776
25-03-2019,497857
26-03-2019,520151
27-03-2019,528599
28-03-2019,530287
29-03-2019,546526
01-04-2019,554020
03-04-2019,537067
04-04-2019,531754
05-04-2019,502554
08-04-2019,471714
09-04-2019,471590
10-04-2019,475591
11-04-2019,483806
12-04-2019,502696
15-04-2019,497368
16-04-2019,485561
17-04-2019,440617
22-04-2019,449296
23-04-2019,472316
24-04-2019,504805
25-04-2019,541203
26-04-2019,603796
29-04-2019,592060
30-04-2019,584963
02-05-2019,575549
03-05-2019,571936
06-05-2019,546219
07-05-2019,543640
08-05-2019,498789
09-05-2019,474141
10-05-2019,455367
13-05-2019,477726
14-05-2019,502172
15-05-2019,521041
16-05-2019,520895
17-05-2019,527436
20-05-2019,516849
21-05-2019,501818
22-05-2019,515349
23-05-2019,530156
24-05-2019,500375
27-05-2019,516883
28-05-2019,520053
29-05-2019,524422
30-05-2019,523949
31-05-2019,532109
03-06-2019,576139
04-06-2019,558175
05-06-2019,512568
06-06-2019,447299
07-06-2019,451229
10-06-2019,451689
11-06-2019,452941
12-06-2019,474465
13-06-2019,468220
14-06-2019,470339
18-06-2019,488287
19-06-2019,489784
21-06-2019,481375
24-06-2019,494025
25-06-2019,510057
26-06-2019,542997
27-06-2019,534976
28-06-2019,503343
01-07-2019,530067
02-07-2019,490624
03-07-2019,421309
04-07-2019,428288
05-07-2019,425644
10-07-2019,416677
11-07-2019,429767
12-07-2019,424670
15-07-2019,455577
16-07-2019,471615
17-07-2019,494262
18-07-2019,519978
19-07-2019,544075
22-07-2019,503597
23-07-2019,524244
24-07-2019,529462
25-07-2019,549049
26-07-2019,525590
29-07-2019,481160
30-07-2019,429107
31-07-2019,441497
01-08-2019,411794
02-08-2019,417022
05-08-2019,440193
06-08-2019,437032
07-08-2019,439542
08-08-2019,438491
09-08-2019,424870
12-08-2019,568105
13-08-2019,549702
14-08-2019,447245
15-08-2019,430243
16-08-2019,344315
20-08-2019,334232
21-08-2019,377149
22-08-2019,393728
23-08-2019,348560
26-08-2019,400899
27-08-2019,348620
28-08-2019,375072
29-08-2019,431897
30-08-2019,391735
02-09-2019,668420
03-09-2019,617589
04-09-2019,576308
05-09-2019,538189
06-09-2019,495793
09-09-2019,400965
10-09-2019,412617
11-09-2019,433499
12-09-2019,424786
13-09-2019,394422
16-09-2019,366220
17-09-2019,381683
18-09-2019,359066
19-09-2019,360272
20-09-2019,379594
23-09-2019,369051
24-09-2019,351199
25-09-2019,367431
26-09-2019,362898
27-09-2019,363828
30-09-2019,385271
01-10-2019,408460
02-10-2019,391536
03-10-2019,398189
04-10-2019,396621
07-10-2019,386538
08-10-2019,377262
09-10-2019,408354
10-10-2019,384325
11-10-2019,414813
15-10-2019,436274
16-10-2019,440000
17-10-2019,442907
18-10-2019,443090
21-10-2019,478642
22-10-2019,497275
23-10-2019,537631
24-10-2019,521178
25-10-2019,563648
28-10-2019,503601
29-10-2019,498622
30-10-2019,537645
31-10-2019,469216
01-11-2019,527822
04-11-2019,508969
05-11-2019,482082
07-11-2019,488543
08-11-2019,517632
11-11-2019,574577
12-11-2019,627254
13-11-2019,641062
14-11-2019,661067
15-11-2019,671256
19-11-2019,667557
20-11-2019,679779
21-11-2019,710235
22-11-2019,724019
25-11-2019,786423
26-11-2019,731851
27-11-2019,731479
28-11-2019,762130
29-11-2019,715486
02-12-2019,693338
03-12-2019,615916
04-12-2019,534540
05-12-2019,548616
06-12-2019,558965
09-12-2019,622507
10-12-2019,695645
11-12-2019,692630
12-12-2019,649921
13-12-2019,628785
16-12-2019,683216
17-12-2019,674878
18-12-2019,699622
19-12-2019,697732
20-12-2019,732477
23-12-2019,777183
26-12-2019,659232
27-12-2019,682029
30-12-2019,741976
02-01-2020,718409
03-01-2020,676805
06-01-2020,565586
07-01-2020,527732
08-01-2020,492604
09-01-2020,479627
10-01-2020,460008
13-01-2020,483620
14-01-2020,470351
15-01-2020,458532
16-01-2020,458861
17-01-2020,454246
20-01-2020,499396
21-01-2020,589694
22-01-2020,581539
23-01-2020,477025
24-01-2020,560688
27-01-2020,788564
28-01-2020,672561
29-01-2020,628453
30-01-2020,571950
31-01-2020,578476
03-02-2020,611467
04-02-2020,677547
05-02-2020,675597
06-02-2020,743168
07-02-2020,754879
10-02-2020,756269
11-02-2020,782094
12-02-2020,781826
13-02-2020,813965
14-02-2020,814321
17-02-2020,826348
18-02-2020,803084
19-02-2020,805120
20-02-2020,749364
21-02-2020,713694
26-02-2020,661951
27-02-2020,569522
28-02-2020,568090
02-03-2020,663650
03-03-2020,587793
04-03-2020,551219
05-03-2020,545565
06-03-2020,560383
09-03-2020,563614
10-03-2020,622309
11-03-2020,641829
12-03-2020,699195
13-03-2020,696649
16-03-2020,698173
17-03-2020,757353
18-03-2020,753810
19-03-2020,852644
20-03-2020,834467
25-03-2020,991708
26-03-2020,1088410
27-03-2020,985717
30-03-2020,1058760
01-04-2020,1145209
02-04-2020,1157964
03-04-2020,1139503
06-04-2020,1103790
07-04-2020,1124938
08-04-2020,1107808
13-04-2020,1098716
14-04-2020,1097358
15-04-2020,1094526
16-04-2020,1080979
17-04-2020,587612
20-04-2020,584066
21-04-2020,560893
22-04-2020,535795
23-04-2020,520672
24-04-2020,460684
27-04-2020,522231
28-04-2020,474557
29-04-2020,414315
30-04-2020,492924
04-05-2020,1027497
05-05-2020,1066421
06-05-2020,954812
07-05-2020,889233
08-05-2020,865225
11-05-2020,937807
12-05-2020,962828
13-05-2020,896494
14-05-2020,910992
15-05-2020,1070328
18-05-2020,820180
19-05-2020,601526
20-05-2020,553934
21-05-2020,554519
22-05-2020,536607
26-05-2020,570666
27-05-2020,526179
28-05-2020,585716
29-05-2020,663383
01-06-2020,938183
02-06-2020,741347
03-06-2020,723935
04-06-2020,687188
05-06-2020,646906
08-06-2020,614326
09-06-2020,614940
10-06-2020,624355
11-06-2020,590831
12-06-2020,584291
16-06-2020,604610
17-06-2020,594226
18-06-2020,596230
19-06-2020,584442
22-06-2020,684358
23-06-2020,602701
24-06-2020,606251
25-06-2020,598032
26-06-2020,618982
29-06-2020,640741
30-06-2020,589320
01-07-2020,775873
02-07-2020,783343
03-07-2020,761359
06-07-2020,757004
07-07-2020,759864
08-07-2020,629627
13-07-2020,708604
14-07-2020,690535
15-07-2020,640602
16-07-2020,622742
17-07-2020,578223
20-07-2020,616957
21-07-2020,635174
22-07-2020,643915
23-07-2020,644061
24-07-2020,623505
27-07-2020,618546
28-07-2020,637501
29-07-2020,645073
30-07-2020,733952
31-07-2020,772617
03-08-2020,846492
04-08-2020,833894
05-08-2020,789035
06-08-2020,730372
07-08-2020,671517
10-08-2020,714962
11-08-2020,675208
12-08-2020,692738
13-08-2020,632001
14-08-2020,599930
18-08-2020,613777
19-08-2020,598179
20-08-2020,610931
21-08-2020,592143
24-08-2020,598721
25-08-2020,614189
26-08-2020,603185
27-08-2020,617104
28-08-2020,660196
31-08-2020,620056
01-09-2020,691752
02-09-2020,742863
03-09-2020,711352
04-09-2020,709688
07-09-2020,633685
08-09-2020,624503
09-09-2020,609765
10-09-2020,599646
11-09-2020,604677
14-09-2020,660707
15-09-2020,613129
16-09-2020,615272
17-09-2020,643178
18-09-2020,610592
21-09-2020,675799
22-09-2020,642298
23-09-2020,608850
24-09-2020,627550
25-09-2020,583284
28-09-2020,640685
29-09-2020,619889
30-09-2020,716140
01-10-2020,904354
02-10-2020,718459
05-10-2020,747064
06-10-2020,761799
07-10-2020,691985
08-10-2020,657514
09-10-2020,599569
13-10-2020,638021
14-10-2020,601068
15-10-2020,609984
16-10-2020,586954
19-10-2020,597355
20-10-2020,570172
21-10-2020,573374
22-10-2020,567537
23-10-2020,594181
26-10-2020,629279
27-10-2020,555978
28-10-2020,588753
29-10-2020,562415
30-10-2020,540057
02-11-2020,653867
03-11-2020,648235
04-11-2020,643094
05-11-2020,662227
09-11-2020,750413
10-11-2020,724829
11-11-2020,682011
12-11-2020,730097
13-11-2020,653741
16-11-2020,674709
17-11-2020,667504
18-11-2020,668697
19-11-2020,613272
20-11-2020,612476
24-11-2020,630693
25-11-2020,605371
26-11-2020,614793
27-11-2020,635600
30-11-2020,522105
01-12-2020,640179
02-12-2020,665426
03-12-2020,643045
04-12-2020,643265
09-12-2020,752277
10-12-2020,742352
11-12-2020,694860
14-12-2020,638172
15-12-2020,590931
16-12-2020,573537
17-12-2020,621997
18-12-2020,645101
21-12-2020,636012
22-12-2020,644396
23-12-2020,544419
28-12-2020,658012
29-12-2020,683898
30-12-2020,572435
04-01-2021,729205
05-01-2021,724878
06-01-2021,767470
07-01-2021,795589
08-01-2021,688651
11-01-2021,713186
12-01-2021,722548
13-01-2021,784478
14-01-2021,762764
15-01-2021,736546
18-01-2021,705271
19-01-2021,715944
20-01-2021,752514
21-01-2021,760694
22-01-2021,776526
25-01-2021,783544
26-01-2021,763624
27-01-2021,728447
28-01-2021,759686
29-01-2021,650239
01-02-2021,773238
02-02-2021,775600
03-02-2021,779977
04-02-2021,765897
05-02-2021,751992
08-02-2021,797370
09-02-2021,748805
10-02-2021,746762
11-02-2021,692909
12-02-2021,665333
17-02-2021,905219
18-02-2021,854118
19-02-2021,871919
22-02-2021,821560
23-02-2021,730035
24-02-2021,699120
25-02-2021,665033
26-02-2021,589384
01-03-2021,693697
02-03-2021,691134
03-03-2021,812364
04-03-2021,816959
05-03-2021,818647
08-03-2021,773507
09-03-2021,752096
10-03-2021,812059
11-03-2021,753556
12-03-2021,726942
15-03-2021,722809
16-03-2021,642369
17-03-2021,629256
18-03-2021,617430
19-03-2021,650345
22-03-2021,664653
23-03-2021,647551
25-03-2021,694771
26-03-2021,659980
29-03-2021,687226
30-03-2021,697978
31-03-2021,604307
05-04-2021,1033935
06-04-2021,975195
07-04-2021,971761
08-04-2021,820372
09-04-2021,712495
12-04-2021,769704
13-04-2021,758446
14-04-2021,723323
15-04-2021,707920
16-04-2021,605624
19-04-2021,698499
20-04-2021,699469
21-04-2021,705308
22-04-2021,717821
23-04-2021,686640
26-04-2021,707524
27-04-2021,703709
28-04-2021,709383
29-04-2021,616757
30-04-2021,574366
03-05-2021,695175
04-05-2021,726108
05-05-2021,725283
06-05-2021,710032
07-05-2021,660970
10-05-2021,671207
11-05-2021,713888
12-05-2021,707460
13-05-2021,709876
14-05-2021,689910
17-05-2021,652631
18-05-2021,676330
19-05-2021,696133
20-05-2021,682734
21-05-2021,671733
26-05-2021,840664
27-05-2021,806705
28-05-2021,776384
31-05-2021,655825
01-06-2021,620425
02-06-2021,798712
03-06-2021,757695
04-06-2021,725222
07-06-2021,767926
08-06-2021,705122
09-06-2021,748839
10-06-2021,741969
11-06-2021,699083
14-06-2021,755664
15-06-2021,784706
16-06-2021,776338
17-06-2021,769750
18-06-2021,789277
22-06-2021,922217
23-06-2021,847284
24-06-2021,851936
25-06-2021,879622
28-06-2021,737240
29-06-2021,714606
30-06-2021,718939
01-07-2021,775257
02-07-2021,726978
05-07-2021,707131
06-07-2021,737962
07-07-2021,747146
08-07-2021,667803
12-07-2021,868758
13-07-2021,831833
14-07-2021,872731
15-07-2021,926520
16-07-2021,747914
19-07-2021,815076
20-07-2021,817142
21-07-2021,797749
22-07-2021,864289
23-07-2021,809865
26-07-2021,775593
27-07-2021,704925
28-07-2021,665183
29-07-2021,697105
30-07-2021,668877
02-08-2021,833005
03-08-2021,887842
04-08-2021,869327
05-08-2021,835513
06-08-2021,814041
09-08-2021,803468
10-08-2021,793007
11-08-2021,817521
12-08-2021,788157
13-08-2021,776511
17-08-2021,836025
18-08-2021,841792
19-08-2021,827980
20-08-2021,836289
23-08-2021,661010
24-08-2021,719848
25-08-2021,721157
26-08-2021,735455
27-08-2021,765468
30-08-2021,722643
31-08-2021,724366
01-09-2021,805132
02-09-2021,822039
03-09-2021,786205
06-09-2021,744520
07-09-2021,748461
08-09-2021,788923
09-09-2021,793443
10-09-2021,793022
13-09-2021,747376
14-09-2021,684020
15-09-2021,738443
16-09-2021,721175
17-09-2021,779996
20-09-2021,713827
21-09-2021,714003
22-09-2021,736112
23-09-2021,793975
24-09-2021,807440
27-09-2021,788845
28-09-2021,801196
29-09-2021,778664
30-09-2021,757922
01-10-2021,757696
04-10-2021,847129
05-10-2021,855254
06-10-2021,844987
07-10-2021,680834
12-10-2021,972452
13-10-2021,939706
14-10-2021,942960
15-10-2021,849106
18-10-2021,702844
19-10-2021,844373
20-10-2021,799226
21-10-2021,770878
22-10-2021,767881
25-10-2021,722275
26-10-2021,741492
27-10-2021,847233
28-10-2021,868286
29-10-2021,787268
01-11-2021,802647
02-11-2021,790467
03-11-2021,819164
04-11-2021,833458
05-11-2021,785886
08-11-2021,753351
09-11-2021,885061
10-11-2021,965594
11-11-2021,1046103
12-11-2021,1000032
15-11-2021,965550
16-11-2021,885728
17-11-2021,888983
18-11-2021,800332
19-11-2021,754461
23-11-2021,839667
24-11-2021,856406
25-11-2021,896810
26-11-2021,866948
29-11-2021,815615
30-11-2021,809335
01-12-2021,932641
02-12-2021,946254
03-12-2021,939998
06-12-2021,834267
07-12-2021,855581
09-12-2021,963611
10-12-2021,939455
13-12-2021,941722
14-12-2021,963958
15-12-2021,732307
16-12-2021,845705
17-12-2021,928364
20-12-2021,871768
21-12-2021,840584
22-12-2021,710319
23-12-2021,852338
27-12-2021,825405
28-12-2021,860770
29-12-2021,843684
30-12-2021,962636
03-01-2022,1226368
04-01-2022,1149701
05-01-2022,1249609
06-01-2022,1625404
07-01-2022,1062437
10-01-2022,1083069
11-01-2022,873556
12-01-2022,909749
13-01-2022,833460
14-01-2022,961726
17-01-2022,1093971
18-01-2022,931424
19-01-2022,923753
20-01-2022,887545
21-01-2022,894049
24-01-2022,1008561
25-01-2022,959564
26-01-2022,969729
27-01-2022,943797
28-01-2022,983152
31-01-2022,965251
01-02-2022,1210756
02-02-2022,1181531
03-02-2022,1046322
04-02-2022,1020725
07-02-2022,945615
08-02-2022,1058374
09-02-2022,1017156
10-02-2022,1052472
11-02-2022,1094242
14-02-2022,1238930
15-02-2022,1311897
16-02-2022,1228773
17-02-2022,1148085
18-02-2022,1059309
21-02-2022,1143251
22-02-2022,964375
23-02-2022,907781
24-02-2022,971719
25-02-2022,963084
02-03-2022,1084768
03-03-2022,958271
04-03-2022,911832
07-03-2022,939975
08-03-2022,940624
09-03-2022,986103
10-03-2022,956933
11-03-2022,987747
14-03-2022,1074931
15-03-2022,1085568
16-03-2022,1054975
17-03-2022,1206174
18-03-2022,1077936
21-03-2022,1028067
22-03-2022,1063562
23-03-2022,954334
25-03-2022,957380
28-03-2022,868935
29-03-2022,920621
30-03-2022,851980
31-03-2022,867983
01-04-2022,1109899
04-04-2022,1180336
05-04-2022,1029316
06-04-2022,909677
07-04-2022,981171
08-04-2022,966001
11-04-2022,974794
12-04-2022,1081805
13-04-2022,975720
18-04-2022,920556
19-04-2022,810260
20-04-2022,819927
21-04-2022,868393
22-04-2022,820503
25-04-2022,978051
26-04-2022,856782
27-04-2022,777876
28-04-2022,786094
29-04-2022,832355
02-05-2022,1052639
03-05-2022,1026674
04-05-2022,1025555
05-05-2022,973103
06-05-2022,1012208
09-05-2022,1024642
10-05-2022,964072
11-05-2022,1005869
12-05-2022,933675
13-05-2022,922500
16-05-2022,999769
17-05-2022,934848
19-05-2022,937710
20-05-2022,923868
23-05-2022,972507
24-05-2022,933552
26-05-2022,911484
27-05-2022,912146
30-05-2022,875992
31-05-2022,964104
01-06-2022,1170645
02-06-2022,1015318
03-06-2022,1000601
06-06-2022,1086292
07-06-2022,969879
08-06-2022,937192
09-06-2022,909080
10-06-2022,940410
13-06-2022,1008000
14-06-2022,976734
15-06-2022,974589
16-06-2022,965971
21-06-2022,963101
22-06-2022,868151
23-06-2022,893827
24-06-2022,878106
27-06-2022,920384
28-06-2022,929121
29-06-2022,904016
30-06-2022,910634
01-07-2022,1070691
04-07-2022,1125428
05-07-2022,1100575
06-07-2022,1113594
07-07-2022,1010179
08-07-2022,1001320
11-07-2022,1095083
12-07-2022,983471
13-07-2022,977610
14-07-2022,972064
15-07-2022,904776
18-07-2022,954274
19-07-2022,1051709
20-07-2022,954913
21-07-2022,960224
22-07-2022,992630
25-07-2022,992359
26-07-2022,1001385
27-07-2022,982372
28-07-2022,1011762
29-07-2022,1082527
01-08-2022,1120912
02-08-2022,1131251
03-08-2022,1096428
04-08-2022,1091963
05-08-2022,1035004
08-08-2022,1097867
09-08-2022,1095866
10-08-2022,1140581
11-08-2022,1042362
12-08-2022,1010071
16-08-2022,1103653
17-08-2022,1110429
18-08-2022,1017884
19-08-2022,1021494
22-08-2022,1074122
23-08-2022,942730
24-08-2022,997688
25-08-2022,1047300
26-08-2022,1027831
29-08-2022,1160566
30-08-2022,1041924
31-08-2022,1020623
01-09-2022,1146205
05-09-2022,1229291
06-09-2022,1205810
07-09-2022,1064238
08-09-2022,1035082
09-09-2022,949496
12-09-2022,1086972
13-09-2022,989536
14-09-2022,929796
15-09-2022,1096510
16-09-2022,948504
19-09-2022,1128204
20-09-2022,914115
21-09-2022,887893
22-09-2022,937864
23-09-2022,921700
26-09-2022,939123
27-09-2022,1004213
28-09-2022,866812
29-09-2022,991698
30-09-2022,904035
03-10-2022,984486
04-10-2022,926473
05-10-2022,1040509
06-10-2022,1038704
11-10-2022,1070563
12-10-2022,900370
13-10-2022,945731
14-10-2022,883309
17-10-2022,975921
18-10-2022,1007664
19-10-2022,940221
20-10-2022,1001628
21-10-2022,960551
24-10-2022,1037359
25-10-2022,958046
26-10-2022,988997
27-10-2022,1091440
28-10-2022,1028056
31-10-2022,1047072
01-11-2022,1075108
02-11-2022,1005920
03-11-2022,1014352
04-11-2022,1017498
07-11-2022,1099363
08-11-2022,1013221
09-11-2022,1010312
10-11-2022,1040463
11-11-2022,991062
14-11-2022,1012400
15-11-2022,1049105
16-11-2022,1027884
17-11-2022,1056136
18-11-2022,992057
22-11-2022,1229384
23-11-2022,1087880
24-11-2022,1054557
25-11-2022,1045680
28-11-2022,1171312
29-11-2022,1023891
30-11-2022,1078907
01-12-2022,1095557
02-12-2022,927976
05-12-2022,1077840
06-12-2022,994250
07-12-2022,996968
12-12-2022,1180441
13-12-2022,1077957
14-12-2022,1009135
15-12-2022,1168735
16-12-2022,1062780
19-12-2022,1087366
20-12-2022,1182301
21-12-2022,924578
22-12-2022,925753
23-12-2022,864825
26-12-2022,910505
27-12-2022,958748
28-12-2022,986903
29-12-2022,1084415
30-12-2022,1109157
02-01-2023,1095770
03-01-2023,1114421
04-01-2023,1142162
05-01-2023,1124085
06-01-2023,1114986
09-01-2023,1244813
10-01-2023,1181400
11-01-2023,1228224
12-01-2023,1175252
13-01-2023,1207239
16-01-2023,1272097
17-01-2023,1238704
18-01-2023,1212017
19-01-2023,1227862
20-01-2023,1241386
23-01-2023,1300211
24-01-2023,1255567
25-01-2023,1191090
26-01-2023,1201701
27-01-2023,1279169
30-01-2023,1170947
31-01-2023,1253365
01-02-2023,1294489
02-02-2023,1101801
03-02-2023,1149209
06-02-2023,1134358
07-02-2023,1146970
08-02-2023,1116886
09-02-2023,1151601
10-02-2023,1164256
13-02-2023,1126953
14-02-2023,1125567
15-02-2023,1186323
16-02-2023,1232873
17-02-2023,1203394
22-02-2023,1169271
23-02-2023,1150026
24-02-2023,1085703
27-02-2023,1042721
28-02-2023,1147619
01-03-2023,1102645
02-03-2023,1083832
03-03-2023,1098234
06-03-2023,1060156
07-03-2023,1095284
08-03-2023,1095333
09-03-2023,1113903
10-03-2023,1095441
13-03-2023,1070515
14-03-2023,1208953
15-03-2023,1156651
16-03-2023,1143312
17-03-2023,1091971
20-03-2023,1024300
21-03-2023,1030055
22-03-2023,1036266
23-03-2023,1041780
27-03-2023,1042522
28-03-2023,1068545
29-03-2023,1025910
30-03-2023,1142261
31-03-2023,1278236
03-04-2023,1172947
04-04-2023,1108993
05-04-2023,1258504
10-04-2023,1142772
11-04-2023,1116190
12-04-2023,1032875
13-04-2023,1032201
14-04-2023,1002358
17-04-2023,1034050
18-04-2023,987778
19-04-2023,977362
20-04-2023,959938
21-04-2023,993037
24-04-2023,968165
25-04-2023,967244
26-04-2023,960082
27-04-2023,993542
28-04-2023,1132502
02-05-2023,1162749
03-05-2023,1158152
04-05-2023,1188160
05-05-2023,1179378
08-05-2023,1143276
09-05-2023,1176377
10-05-2023,1127795
11-05-2023,1113885
12-05-2023,1038294
15-05-2023,980229
16-05-2023,978676
17-05-2023,956827
18-05-2023,1004844
19-05-2023,1011529
22-05-2023,1030996
23-05-2023,1033531
24-05-2023,1094228
29-05-2023,1100377
30-05-2023,1173827
31-05-2023,1246364
01-06-2023,1236992
02-06-2023,1226617
05-06-2023,1058896
06-06-2023,1068806
07-06-2023,1073285
08-06-2023,1075830
09-06-2023,1116671
12-06-2023,1166417
13-06-2023,1144336
14-06-2023,1082553
15-06-2023,1058179
16-06-2023,1059503
21-06-2023,947243
22-06-2023,1026564
23-06-2023,1118279
26-06-2023,1040862
27-06-2023,1077537
28-06-2023,1049445
29-06-2023,1071879
30-06-2023,1202542
03-07-2023,1211500
04-07-2023,1107322
05-07-2023,1039221
06-07-2023,1696753
07-07-2023,1781268
10-07-2023,1036720
11-07-2023,1108915
12-07-2023,1040597
13-07-2023,1048072
14-07-2023,1093849
17-07-2023,1030523
18-07-2023,1092786
19-07-2023,1100482
20-07-2023,1135621
21-07-2023,1160238
24-07-2023,1091353
25-07-2023,1172775
26-07-2023,1149431
27-07-2023,1186814
28-07-2023,1142764
31-07-2023,1319857
01-08-2023,1291519
02-08-2023,1221613
03-08-2023,1229831
04-08-2023,1268234
07-08-2023,1247327
08-08-2023,1245636
09-08-2023,1196226
10-08-2023,1262016
11-08-2023,1364740
14-08-2023,1235097
15-08-2023,1274821
16-08-2023,1178552
17-08-2023,1221354
18-08-2023,1234794
22-08-2023,1133254
23-08-2023,1172658
24-08-2023,1192015
25-08-2023,1303961
28-08-2023,998890
29-08-2023,954984
30-08-2023,990673
31-08-2023,1458278
01-09-2023,1448204
04-09-2023,1341013
05-09-2023,1380516
06-09-2023,1318847
07-09-2023,1391691
08-09-2023,1305953
11-09-2023,1300577
12-09-2023,1343255
13-09-2023,1327222
14-09-2023,1338521
15-09-2023,1148065
18-09-2023,1072061
19-09-2023,1119178
20-09-2023,1148182
21-09-2023,1195743
22-09-2023,1177482
25-09-2023,1159143
26-09-2023,1192088
27-09-2023,1181543
28-09-2023,1104118
29-09-2023,1405033
02-10-2023,1390110
03-10-2023,1457573
04-10-2023,1426904
05-10-2023,1436579
06-10-2023,1508870
09-10-2023,1387085
10-10-2023,1487191
11-10-2023,1451808
12-10-2023,1720458
17-10-2023,1397218
18-10-2023,1291300
19-10-2023,1453825
20-10-2023,1445015
23-10-2023,1154147
24-10-2023,1185416
25-10-2023,1165351
26-10-2023,1206104
27-10-2023,1230358
30-10-2023,1151368
31-10-2023,1415880
01-11-2023,1620182
02-11-2023,1685729
03-11-2023,1811105
07-11-2023,1788746
08-11-2023,1769840
09-11-2023,1757236
10-11-2023,1791253
13-11-2023,1682826
14-11-2023,1738449
15-11-2023,1779533
16-11-2023,1774478
17-11-2023,1821683
21-11-2023,1671644
22-11-2023,1642495
23-11-2023,1715000
24-11-2023,1850369
27-11-2023,1948593
28-11-2023,2083390
29-11-2023,1827092
30-11-2023,2830119
01-12-2023,2314187
04-12-2023,2193611
05-12-2023,2555665
06-12-2023,2480602
07-12-2023,3565229
11-12-2023,3153798
12-12-2023,3270007
13-12-2023,2158906
14-12-2023,2107828
15-12-2023,2251420
18-12-2023,2063071
19-12-2023,2051002
20-12-2023,2064167
21-12-2023,2063718
22-12-2023,1835301
26-12-2023,1919160
27-12-2023,1873653
28-12-2023,1795359
29-12-2023,2172776
02-01-2024,2234848
03-01-2024,2200366
04-01-2024,2214507
05-01-2024,2355894
08-01-2024,2535972
09-01-2024,2821020
10-01-2024,2808071
11-01-2024,2799624
12-01-2024,2791942
15-01-2024,2888791
16-01-2024,2913394
17-01-2024,3383172
18-01-2024,2767277
19-01-2024,2809418
22-01-2024,2683981
23-01-2024,2892113
24-01-2024,2885064
25-01-2024,2861696
26-01-2024,3171763
29-01-2024,2922108
30-01-2024,2837260
31-01-2024,3431026
01-02-2024,2921584
02-02-2024,3076544
05-02-2024,2884872
06-02-2024,2809878
07-02-2024,2817454
08-02-2024,2806141
09-02-2024,2912024
14-02-2024,2765157
15-02-2024,2676672
16-02-2024,2703223
19-02-2024,3438346
20-02-2024,2730291
21-02-2024,2709477
22-02-2024,2733574
23-02-2024,2747218
26-02-2024,2953353
27-02-2024,2727442
28-02-2024,2835754
29-02-2024,2959885
01-03-2024,3179401
04-03-2024,3105513
05-03-2024,2967652
06-03-2024,2911137
07-03-2024,3034164
08-03-2024,3059986
11-03-2024,3017763
12-03-2024,2986870
13-03-2024,2988934
14-03-2024,2658997
15-03-2024,2681067
18-03-2024,2714317
19-03-2024,2730436
20-03-2024,3344085
21-03-2024,2845685
22-03-2024,3233013
25-03-2024,2979901
26-03-2024,2890074
27-03-2024,4042359
03-04-2024,3107396
04-04-2024,3097846
05-04-2024,3255307
