Especie;Monto;Fecha de Ajuste;tipo
TS;4,68845;15/11/2018;EF
TGSU2;2,0067645;17/9/2018;EF
APBR;0,87;21/11/2018;EF
ALUA;1,03;23/11/2018;EF
TRAN;3,3494503;19/12/2018;EF
YPFD;3,051;20/12/2018;EF
TXAR;0,67284;12/4/2019;EF
BYMA;5;12/4/2019;EF
TGNO4;5,414;15/4/2019;EF
TGSU2;9,2006978;16/4/2019;EF
VALO;0,6;29/4/2019;EF
GGAL;1,4017729;6/5/2019;EF
BMA;10;9/5/2019;EF
SUPV;0,6634228;10/5/2019;EF
FRAN;3,9287719;13/5/2019;EF
TRAN;7,4211704;13/5/2019;EF
APBR;0,5527764;15/5/2019;EF
TS;12,605124;17/5/2019;EF
COME;0,1;21/5/2019;EF
APBR;1,06;2/7/2019;EF
YPFD;5,8478;4/7/2019;EF
ALUA;0,76;5/7/2019;EF
COME;1,2970588;2/8/2019;EF
APBR;2,6;12/8/2019;EF
TECO2;3,2712759;13/8/2019;EF
TGNO4;1,4765327;10/10/2019;EF
TECO2;8,1118992;15/10/2019;EF
ALUA;0,53;31/10/2019;EF
TGSU2;0,03848739;8/11/2019;AC
TGSU2;0,31214175;8/11/2019;EF
CRES;0,02660982;8/11/2019;AC
CEPU;0,71;28/11/2019;EF
BYMA;3,679839;19/3/2020;EF
BYMA;0,023021;19/3/2020;AC
SUPV;0,932733;26/5/2020;EF
COME;0,1;12/6/2020;EF
COME;0,238413123;21/8/2020;AC
GGAL;1,191507;30/9/2020;EF
LOMA;4,026667;8/10/2020;EF
TECO2;11,4796;13/11/2020;BONOS
MIRG;2,777778;18/1/2021;EF
BYMA;10,823086;28/4/2021;EF
BYMA;0,005543545;28/4/2021;AC
GGAL;1,017161487;5/5/2021;EF
MIRG;22,22222;7/5/2021;EF
SUPV;0,843334057;11/5/2021;EF
COME;0,11;21/5/2021;EF
TECO2;16,4837;11/8/2021;BONOS
CVH;82,4898;3/9/2021;EF
MIRG;10;6/9/2021;EF
MIRG;11.111.111;7/10/2021;EF
ALUA;1;1/11/2021;EF
MIRG;12,22222222;8/11/2021;EF
ALUA;0,07125;28/12/2021;EF
LOMA;15,73183;21/4/2022;EF
BYMA;41,602;22/4/2022;EF
COME;0,25;3/5/2022;EF
GGAL;7,459184237;4/5/2022;EF
MIRG;27,77777778;6/5/2022;EF
SUPV;0,641703883;12/5/2022;EF
BMA;15,44;2/6/2022;EF
TECO2;14,8004;2/6/2022;EF
BMA;15,44;2/6/2022;EF
TECO2;14,8004;2/6/2022;EF
VALO;0,627793521;6/6/2022;EF
MIRG;27,77777778;10/6/2022;EF
BBAR;12,5339953;1/7/2022;EF
BMA;2,574161997;1/7/2022;EF
VALO;0,104632254;4/7/2022;EF
BYMA;9;6/7/2022;AC
LOMA;38,796923;7/7/2022;EF
MIRG;27,77777778;8/7/2022;EF
ALUA;3,21;28/7/2022;EF
BMA;2,574161997;28/7/2022;EF
BBAR;1,7906;29/7/2022;EF
VALO;0,104632254;1/8/2022;EF
TXAR;8,23;4/8/2022;EF
BMA;2,574161997;1/9/2022;EF
BBAR;1,790570757;2/9/2022;EF
VALO;0,104632254;2/9/2022;EF
BBAR;1,790570757;2/9/2022;EF
VALO;0,104632254;2/9/2022;EF
BBAR;1,790570757;2/9/2022;EF
VALO;0,104632254;2/9/2022;EF
GGAL;2,712430632;7/9/2022;EF
BMA;2,574161997;29/9/2022;EF
BBAR;1,790570757;30/9/2022;EF
VALO;0,104632254;3/10/2022;EF
BMA;2,574161997;27/10/2022;EF
BBAR;1,790570757;28/10/2022;EF
VALO;0,104632254;2/11/2022;EF
IRSA;5,414380593;3/11/2022;EF
ALUA;4,28;4/11/2022;EF
CRES;5,286641903;8/11/2022;EF
BBAR;1,790570757;1/12/2022;EF
BMA;2,574161997;1/12/2022;EF
VALO;0,104632254;2/12/2022;EF
COME;2,107029;21/12/2022;EF
CEPU;5,511856;27/12/2022;EF
ALUA;0,069;28/12/2022;EF
GGAL;2,712430632;4/1/2023;EF
LOMA;11,167279;4/1/2023;EF
BYMA;7,344262295;13/4/2023;EF
ALUA;5;14/04/2023;EF
TXAR;29,972488;28/04/2023;EF
LOMA;38,24473503;02/05/2023;EF
COME;0,4809214116;03/05/2023;EF
CRES;22,2897044900;03/05/2023;EF
GGAL;23,7337680276472;04/05/2023;EF
TECO2;22,4157980882218;04/05/2023;EF
MIRG;83,3333;05/05/2023;EF
VALO;0,7423441516;23/05/2023;EF
BMA;23,13772371;24/05/2023;EF
BMA;23,630207966;06/06/2023;EF
GGAL;8,4763457241;07/06/2023;EF
VALO;0,7423441516;12/06/2023;EF
BBAR;14,3201148737928;16/06/2023;EF
BMA;25,46008067;26/06/2023;EF
LOMA;44,028147;29/06/2023;EF
GGAL;8,4763457241;05/07/2023;EF
VALO;0,7423441504;11/07/2023;EF
BBAR;15,0340999051296;13/07/2023;EF
BMA;26,838132948;25/07/2023;EF
BBAR;15,727877812938;01/08/2023;EF
GGAL;8,4763457241;03/08/2023;EF
VALO;0,7423441504;11/08/2023;EF
BMA;35,00252794;25/08/2023;EF
BBAR;17,22994066;01/09/2023;EF
GGAL;8,4763457241;06/09/2023;EF
VALO;0,7423441504;11/09/2023;EF
BMA;32,702762;25/09/2023;EF
BBAR;17,58006276;28/09/2023;EF
CRES;61,67301932000;09/10/2023;EF
CRES;0,00985448967;09/10/2023;AC
VALO;0,7423441504;10/10/2023;EF
BBAR;20,17075071;25/10/2023;EF
CEPU;29,72;07/11/2023;EF
COME;0,9618428231;30/11/2023;EF
CEPU;32,431222;06/12/2023;EF
CEPU;10,99999998;21/12/2023;EF
ALUA;0,1521;27/12/2023;EF
CEPU;5,75;08/01/2024;EF
BYMA;54,040882787;12/04/2024;EF
SUPV;43,9816517614;24/04/2024;EF
IRSA;76,1457477958;06/05/2024;EF
BBAR;217,9535538036;07/05/2024;EF
GGAL;44,0769977656;07/05/2024;EF
CRES;50,548206334;09/05/2024;EF
GGAL;95,1121028003;16/05/2024;EF
BMA;253,0199617596;17/05/2024;EF
BBAR;237,2030389704;05/06/2024;EF
BMA;263,5869049712;24/06/2024;EF
GGAL;99,0842960693;24/06/2024;EF
BBAR;247,1094156255;04/07/2024;EF
BMA;275,651451021100;18/07/2024;EF
GGAL;103,619449486354;18/07/2024;EF
TGNO4;201,764356352;27/09/2024;EF
IRSA;126,1171278269;31/10/2024;EF
IRSA;0,0360134465;31/10/2024;AC
CRES;75,2725361352;04/11/2024;EF
CEPU;39,471536151;13/11/2024;EF
ALUA;2,12;30/12/2024;EF
GGAL;18,132;24/01/2025;EF
BYMA;48,55767762;11/04/2025;EF
SUPV;61,9956736391;28/04/2025;EF
GGAL;54,7858650294;08/05/2025;EF
COME;0,7053514036;09/05/2025;EF
TGNO4;414,794742753;13/05/2025;EF
TGSU2;265,6885579753;04/06/2025;EF
BBAR;16,5285830001;24/06/2025;EF
BMA;53,140879996;26/06/2025;EF
GGAL;21,15380653431;04/07/2025;EF
VALO;0,4890284171;24/07/2025;EF
BBAR;16,7961642303;25/07/2025;EF
BMA;54,0011909248;28/07/2025;EF
GGAL;21,4962707718;06/08/2025;EF
VALO;0,4983281915;22/08/2025;EF
BBAR;17,115553465;25/08/2025;EF
BMA;55,0281228003;26/08/2025;EF
TRAN;301,794262466;02/09/2025;EF
GGAL;21,9050618610535;04/09/2025;EF
BYMA;6,5573968289;19/09/2025;EF
VALO;0,507675799;23/09/2025;EF
BBAR;17,4365899014;24/09/2025;EF
BMA;56,0603367572;25/09/2025;EF
GGAL;22,3159555901022;06/10/2025;EF
VALO;0,5182149471;24/10/2025;EF
BBAR;17,7985560712;27/10/2025;EF
BMA;57,2243060958;28/10/2025;EF
CRES;147,2568970084000;03/11/2025;EF
CRES;0,0084595617664;03/11/2025;AC
GGAL;22,7792259740615;06/11/2025;EF
TECO2;90,82690878;10/11/2025;EF
TECO2;13,6320472739;17/11/2025;EF
VALO;0,5303512468;19/11/2025;EF
BBAR;18,2153804558;21/11/2025;EF
BMA;58,5664000649;25/11/2025;EF
GGAL;23,3127024855393;04/12/2025;EF
VALO;3,9887098590000;04/12/2025;EF
TXAR;101,9288357;16/12/2025;EF
TGNO4;162,403212084;19/12/2025;EF
BBAR;18,6658285991;22/12/2025;EF
VALO;0,4723932986;22/12/2025;EF
BMA;60,0147000927;26/12/2025;EF
ALUA;2,96;29/12/2025;EF
GGAL;23,8892068911642;08/01/2026;EF
VALO;0,4846731962;23/01/2026;EF
BBAR;19,1969087544;26/01/2026;EF
BMA;61,7222815111;27/01/2026;EF
GGAL;24,5689197902307;05/02/2026;EF
VALO;0,4986396325;20/02/2026;EF
BBAR;19,750086877;23/02/2026;EF
BMA;63,5008827206;24/02/2026;EF
GGAL;25,2769025378911;05/03/2026;EF
VALO;0,5130818272;20/03/2026;EF
BBAR;20,32210864331;25/03/2026;EF
BMA;65,3400708982;26/03/2026;EF
TXAR;27,4408722442;06/04/2026;EF
GGAL;26,0090022870789;09/04/2026;EF
BYMA;22,959339837;14/04/2026;EF
