fecha_divisor;divisor
02/04/2018;39918014
09/04/2018;39898510,6848631
12/04/2018;39867483,1068895
24/04/2018;39863505,9365972
26/04/2018;39842428,5419336
07/05/2018;39725749,4539819
11/05/2018;39640687,5031169
21/05/2018;39600731,4964996
23/05/2018;39592339,3176328
02/07/2018;44299579,2387107
13/07/2018;44271281,8893309
14/08/2018;44255031,318262
17/08/2018;44216570,3811493
18/09/2018;44175072,8268213
01/10/2018;48774800,29914
16/11/2018;48756488,2695768
22/11/2018;48730167,292228
26/11/2018;48677825,5368963
20/12/2018;48631782,279641
21/12/2018;48647117,076528
02/01/2019;48900828,761429
01/04/2019;54639659,71769
15/04/2019;54534938,2371867
16/04/2019;54466422,3668293
17/04/2019;54243660,6516973
30/04/2019;54207856,4648847
07/05/2019;54105870,557371
10/05/2019;53849895,837615
13/05/2019;53837597,1011883
14/05/2019;53683668,080532
16/05/2019;53668068,5238988
20/05/2019;53592638,877953
22/05/2019;53583479,117611
01/07/2019;47657111,891245
03/07/2019;47636983,357533
05/07/2019;47595723,765507
10/07/2019;47564785,613941
05/08/2019;47467373,852431
13/08/2019;47401369,292934
14/08/2019;47375937,868116
01/10/2019;15782511,681901
11/10/2019;15778880,143038
16/10/2019;15756456,847009
01/11/2019;15745601,28295
11/11/2019;15706839,801868
29/11/2019;15679342,2697092
02/01/2020;16540166,232933
20/03/2020;16509981,7232923
02/04/2020;16813110,344507
27/05/2020;16806310,761812
16/06/2020;16800429,6067791
30/06/2020;16615883,322559
24/08/2020;16581968,614896
01/10/2020;16549235,786289
09/10/2020;16523041,211525
16/11/2020;16494000,867351
04/01/2021;16555124,734671
19/01/2021;16554197,172814
29/04/2021;16533262,484773
03/05/2021;14605015,798587
06/05/2021;14583370,949576
10/05/2021;14579940,585998
12/05/2021;14575659,733596
26/05/2021;14570347,428315
12/08/2021;14516262,921901
01/09/2021;14351486,984399
06/09/2021;14318595,940923
07/09/2021;14317590,951663
12/10/2021;14316511,072746
02/11/2021;14308839,640738
09/11/2021;14307870,799977
29/12/2021;14307285,84858
03/01/2021;14434929,072068
22/04/2022;14391341,8408
25/04/2022;14377797,548857
02/05/2022;14470108,543563
04/05/2022;14462093,206184
05/05/2022;14370398,915801
09/05/2022;14367772,664211
13/05/2022;14365734,011408
03/06/2022;14281052,612422
07/06/2022;14275749,295788
13/06/2022;14273208,383614
01/07/2022;14236425,775169
04/07/2022;14235523,965701
06/07/2022;13882477,462073
07/07/2022;13784068,747727
11/07/2022;13781915,61975
29/07/2022;13756573,398499
01/08/2022;13753821,865386
02/08/2022;13753140,583444
05/08/2022;13674572,208051
01/09/2022;13912737,067909
02/09/2022;13905824,981353
05/09/2022;13902888,761468
08/09/2022;13882838,239263
30/09/2022;13876058,693296
03/10/2022;13873751,739489
04/10/2022;13873227,56308
27/10/2022;13866971,690732
28/10/2022;13864815,601194
31/10/2022;13864307,971088
03/11/2022;13853125,504503
04/11/2022;13834351,612093
09/11/2022;13822951,08644
02/12/2022;13815659,561082
05/12/2022;13815213,668143
22/12/2022;13783711,921416
28/12/2022;13763000,540637
29/12/2022;13762774,33
02/01/2023;13681250,679845
05/01/2023;13654039,988902
14/04/2023;13641972,957268
17/04/2023;13630219,137358
02/05/2023;13519743,75834
03/05/2023;13490562,690711
04/05/2023;13464493,330007
05/05/2023;13362676,937949
08/05/2023;13360697,7386064
24/05/2023;13359218,216068
29/05/2023;13337485,801781
07/06/2023;13317650,872939
08/06/2023;13296284,027102
13/06/2023;13294975,575102
21/06/2023;13289295,04253
27/06/2023;13270941,665491
30/06/2023;13247700,9026588
06/07/2023;13229446,800013
12/07/2023;13228286,512241
14/07/2023;13222896,116594
26/07/2023;13205102,799842
02/08/2023;13199484,138085
04/08/2023;13181427,490853
14/08/2023;13180410,459359
28/08/2023;13163096,904776
01/09/2023;12935168,451878
04/09/2023;12931037,355393
07/09/2023;12918184,84203
12/09/2023;12917285,805815
26/09/2023;12901724,566065
29/09/2023;12897111,415332
06/10/2023;128971114,15332
10/10/2023;128683291,994806
11/10/2023;128676567,236846
26/10/2023;128630926,524469
08/11/2023;128170633,405047
01/12/2023;128143249,334926
07/12/2023;127808601,282488
22/12/2023;127701758,560696
28/12/2023;127700772,355505
02/01/2024;127157827,153783
09/01/2024;127112552,339863
15/04/2024;126943055,016533
25/04/2024;126860193,1
02/05/2024;125750574,98642
07/05/2024;125635915,437047
08/05/2024;125126236,401761
10/05/2024;125029385,92719
17/05/2024;124444309,523249
20/05/2024;124122020,433801
06/06/2024;123885441,186671
25/06/2024;122993343,176844
05/07/2024;122752282,766354
19/07/2024;121782797,884839
02/09/2024;119743146,256259
30/09/2024;119669138,327821
01/11/2024;119465078,468145
05/11/2024;119364217,11214
14/11/2024;119161987,749102
02/01/2025;121687521,651533
27/01/2025;121628905,026712
14/04/2025;121176856,439742
29/04/2025;121115030,247778
05/05/2025;122249319,785147
09/05/2025;122059524,35785
12/05/2025;122050651,193653
14/05/2025;121915190,468129
26/05/2025;121915190,4681290
5/06/2025;121629029,495075
25/06/2025;121615173,643488
27/06/2025;121563376,853131
07/07/2025;121491388,549775
25/07/2025;121489767,653661
28/07/2025;121476534,491624
29/07/2025;121428106,14164
07/08/2025;121365520,468192
13/08/2025;121365520,468192
25/08/2025;121363851,645631
26/08/2025;121349232,16666
27/08/2025;121295761,418238
01/09/2025;119260485,53988
03/09/2025;118974182,600335
05/09/2025;118876611,930095
22/09/2025;118692316,150797
24/09/2025;118689813,402614
25/09/2025;118672374,782494
26/09/2025;118592126,137658
07/10/2025;118480160,955497
27/10/2025;118477918,926681
28/10/2025;118464897,757153
29/10/2025;118410474,131223
04/11/2025;118280011,927398
07/11/2025;118210676,678017
11/11/2025;118167520,451862
18/11/2025;118160971,218588
20/11/2025;118159297,730197
25/11/2025;118147018,585771
26/11/2025;118094791,789708
05/12/2025;118014153,910125
17/12/2025;117494502,293591
22/12/2025;117453138,870826
23/12/2025;117440665,804482
29/12/2025;117391354,967588
30/12/2025;117384693,952512
02/01/2026;115794085,696472
09/01/2026;115726891,825553
26/01/2026;115725451,030921
27/01/2026;115715228,065288
28/01/2026;115675243,031693
06/02/2026;115603249,710583
23/02/2026;115601665,085562
24/02/2026;115589855,239648
25/02/2026;115542800,261021
05/03/2026;115458753,590387
25/03/2026;115457055,233174
26/03/2026;115445194,794971
27/03/2026;115396686,666209
07/04/2026;115256182,356534
10/04/2026;115181860,961174
15/04/2026;114808830,462795
