fecha_precio;valor
2018-04-03;35286,86
2018-04-04;35322,74
2018-04-05;35826,51
2018-04-06;35591,17
2018-04-09;35477,94
2018-04-10;35963,52
2018-04-11;35806,11
2018-04-12;35947,57
2018-04-13;35497,40
2018-04-16;34773,19
2018-04-17;35396,66
2018-04-18;35519,84
2018-04-19;35321,57
2018-04-20;35091,75
2018-04-23;35057,33
2018-04-24;34828,13
2018-04-25;33979,70
2018-04-26;33872,42
2018-04-27;34301,25
2018-05-02;33979,31
2018-05-03;34271,21
2018-05-04;32964,18
2018-05-07;32121,42
2018-05-08;31027,17
2018-05-09;32819,56
2018-05-10;34979,99
2018-05-11;35452,66
2018-05-14;36106,39
2018-05-15;35785,02
2018-05-16;36739,10
2018-05-17;36868,26
2018-05-18;36874,07
2018-05-21;36537,40
2018-05-22;35926,55
2018-05-23;35187,26
2018-05-24;34357,15
2018-05-28;32966,13
2018-05-29;33003,12
2018-05-30;33057,01
2018-05-31;33164,38
2018-06-01;32841,03
2018-06-04;33489,45
2018-06-05;34732,73
2018-06-06;34452,09
2018-06-07;34259,57
2018-06-08;35620,00
2018-06-11;36217,53
2018-06-12;35097,47
2018-06-13;34731,50
2018-06-14;34853,81
2018-06-15;34804,53
2018-06-18;32003,52
2018-06-19;33679,41
2018-06-21;35057,50
2018-06-22;34249,36
2018-06-25;32594,79
2018-06-26;32188,54
2018-06-27;29780,71
2018-06-28;31029,82
2018-06-29;30391,71
2018-07-02;29733,79
2018-07-03;31545,15
2018-07-04;32189,10
2018-07-05;32290,20
2018-07-06;32009,13
2018-07-10;32051,55
2018-07-11;31681,68
2018-07-12;31227,72
2018-07-13;30979,21
2018-07-16;30706,58
2018-07-17;31374,88
2018-07-18;31638,32
2018-07-19;31372,36
2018-07-20;32464,56
2018-07-23;32514,32
2018-07-24;33065,61
2018-07-25;34004,51
2018-07-26;33758,32
2018-07-27;33915,65
2018-07-30;33688,33
2018-07-31;33745,55
2018-08-01;33884,83
2018-08-02;33265,18
2018-08-03;33783,46
2018-08-06;33437,76
2018-08-07;32257,78
2018-08-08;31217,47
2018-08-09;31587,45
2018-08-10;31619,38
2018-08-13;30906,71
2018-08-14;31166,63
2018-08-15;31486,16
2018-08-16;31307,31
2018-08-17;30500,77
2018-08-21;30215,63
2018-08-22;31206,72
2018-08-23;30723,32
2018-08-24;29443,81
2018-08-27;30005,94
2018-08-28;29688,71
2018-08-29;30511,79
2018-08-30;32465,31
2018-08-31;35145,04
2018-09-03;34691,05
2018-09-04;33283,40
2018-09-05;34591,26
2018-09-06;35675,39
2018-09-07;35365,60
2018-09-10;34976,80
2018-09-11;34561,33
2018-09-12;35387,42
2018-09-13;35827,73
2018-09-14;36053,90
2018-09-17;37226,45
2018-09-18;38371,95
2018-09-19;39291,28
2018-09-20;40741,33
2018-09-21;40574,63
2018-09-24;39287,67
2018-09-25;40487,37
2018-09-26;40450,58
2018-09-27;40483,88
2018-09-28;40490,81
2018-10-01;39202,46
2018-10-02;39364,45
2018-10-03;38869,88
2018-10-04;37516,40
2018-10-05;36575,32
2018-10-08;37400,85
2018-10-09;36504,67
2018-10-10;35162,32
2018-10-11;34007,70
2018-10-12;36237,11
2018-10-16;36070,67
2018-10-17;35349,53
2018-10-18;34876,50
2018-10-19;35260,31
2018-10-22;35246,69
2018-10-23;34878,55
2018-10-24;34563,22
2018-10-25;35892,22
2018-10-26;36162,47
2018-10-29;35542,19
2018-10-30;36246,36
2018-10-31;36287,99
2018-11-01;38306,13
2018-11-02;38438,75
2018-11-05;38561,15
2018-11-06;37893,13
2018-11-07;38191,54
2018-11-08;37400,04
2018-11-09;36510,11
2018-11-12;36010,14
2018-11-13;34745,95
2018-11-14;35739,77
2018-11-15;37182,38
2018-11-16;37905,28
2018-11-20;36013,26
2018-11-21;36749,10
2018-11-22;36772,13
2018-11-23;37240,64
2018-11-26;37935,71
2018-11-27;37795,16
2018-11-28;37994,03
2018-11-29;38233,14
2018-12-03;38715,33
2018-12-04;38835,88
2018-12-05;38571,77
2018-12-06;38665,77
2018-12-07;38038,09
2018-12-10;37014,97
2018-12-11;37214,91
2018-12-12;37349,34
2018-12-13;37345,48
2018-12-14;37450,96
2018-12-17;35989,80
2018-12-18;35752,11
2018-12-19;35983,67
2018-12-20;35048,27
2018-12-21;34075,69
2018-12-26;34197,26
2018-12-27;35273,96
2018-12-28;36093,23
2019-01-02;37215,68
2019-01-03;37278,03
2019-01-04;38739,23
2019-01-07;39529,85
2019-01-08;39448,44
2019-01-09;40427,42
2019-01-10;40722,78
2019-01-11;40408,56
2019-01-14;40264,36
2019-01-15;40017,96
2019-01-16;40692,23
2019-01-17;41015,54
2019-01-18;41903,76
2019-01-21;42064,21
2019-01-22;40635,33
2019-01-23;41397,94
2019-01-24;41618,61
2019-01-25;41482,65
2019-01-28;41349,14
2019-01-29;42273,86
2019-01-30;42840,93
2019-01-31;43177,13
2019-02-01;43471,74
2019-02-04;44044,44
2019-02-05;44446,27
2019-02-06;43699,23
2019-02-07;42741,36
2019-02-08;43352,39
2019-02-11;43812,52
2019-02-12;44693,30
2019-02-13;44060,67
2019-02-14;44587,51
2019-02-15;44634,13
2019-02-18;44350,77
2019-02-19;43329,33
2019-02-20;43750,13
2019-02-21;42969,87
2019-02-22;43794,76
2019-02-25;43382,27
2019-02-26;42907,63
2019-02-27;42249,91
2019-02-28;41246,64
2019-03-01;40566,89
2019-03-06;39087,52
2019-03-07;40437,48
2019-03-08;40034,84
2019-03-11;41183,57
2019-03-12;41021,24
2019-03-13;41633,60
2019-03-14;41013,85
2019-03-15;41450,28
2019-03-18;42714,88
2019-03-19;42398,04
2019-03-20;42999,34
2019-03-21;42262,07
2019-03-22;40708,00
2019-03-25;41070,68
2019-03-26;40793,60
2019-03-27;40260,41
2019-03-28;40993,71
2019-03-29;41547,67
2019-04-01;41062,88
2019-04-03;39570,34
2019-04-04;40341,63
2019-04-05;41120,89
2019-04-08;41687,98
2019-04-09;40160,93
2019-04-10;40525,04
2019-04-11;39532,02
2019-04-12;38761,45
2019-04-15;39136,27
2019-04-16;40181,79
2019-04-17;39815,25
2019-04-22;38850,01
2019-04-23;39066,82
2019-04-24;37802,31
2019-04-25;37811,93
2019-04-26;38432,62
2019-04-29;36863,17
2019-04-30;37623,43
2019-05-02;38823,00
2019-05-03;40405,60
2019-05-06;40771,30
2019-05-07;40459,15
2019-05-08;41682,63
2019-05-09;41867,25
2019-05-10;41194,76
2019-05-13;39828,26
2019-05-14;40027,07
2019-05-15;40507,47
2019-05-16;41030,99
2019-05-17;40356,07
2019-05-20;40730,54
2019-05-21;41881,92
2019-05-22;41921,78
2019-05-23;41579,90
2019-05-24;42316,66
2019-05-27;42596,03
2019-05-28;41731,00
2019-05-29;41256,67
2019-05-30;41591,89
2019-05-31;41246,17
2019-06-03;41265,60
2019-06-04;42317,31
2019-06-05;42652,46
2019-06-06;43317,73
2019-06-07;43469,95
2019-06-10;44047,08
2019-06-11;46078,24
2019-06-12;48145,94
2019-06-13;48132,32
2019-06-14;47918,41
2019-06-18;48198,72
2019-06-19;47296,21
2019-06-21;48066,67
2019-06-24;47738,55
2019-06-25;47721,28
2019-06-26;47412,34
2019-06-27;48363,44
2019-06-28;49014,73
2019-07-01;48705,01
2019-07-02;48820,72
2019-07-03;48395,06
2019-07-04;48645,42
2019-07-05;49069,13
2019-07-10;50464,75
2019-07-11;50666,07
2019-07-12;50619,89
2019-07-15;49089,96
2019-07-16;49476,69
2019-07-17;49053,83
2019-07-18;48359,58
2019-07-19;47703,74
2019-07-22;46371,48
2019-07-23;46955,23
2019-07-24;47547,42
2019-07-25;47582,82
2019-07-26;49584,94
2019-07-29;50437,99
2019-07-30;50119,06
2019-07-31;49669,63
2019-08-01;48984,91
2019-08-02;48917,93
2019-08-05;48195,99
2019-08-06;48673,38
2019-08-07;48274,62
2019-08-08;48683,91
2019-08-09;51759,12
2019-08-12;36518,24
2019-08-13;39852,61
2019-08-14;39488,43
2019-08-15;39779,05
2019-08-16;38851,38
2019-08-20;35365,16
2019-08-21;36559,05
2019-08-22;36507,70
2019-08-23;34787,53
2019-08-26;33986,20
2019-08-27;33222,48
2019-08-28;34636,32
2019-08-29;33240,84
2019-08-30;34811,76
2019-09-02;35526,24
2019-09-03;32549,41
2019-09-04;34514,44
2019-09-05;37143,44
2019-09-06;38151,99
2019-09-09;37941,87
2019-09-10;39750,04
2019-09-11;39745,46
2019-09-12;40859,67
2019-09-13;42401,89
2019-09-16;42681,61
2019-09-17;42152,38
2019-09-18;41747,60
2019-09-19;41753,39
2019-09-20;41200,80
2019-09-23;77080,92
2019-09-24;71795,88
2019-09-25;72653,59
2019-09-26;72522,30
2019-09-27;74146,57
2019-09-30;39073,41
2019-10-01;40413,94
2019-10-02;41388,15
2019-10-03;40712,24
2019-10-04;42720,38
2019-10-07;41520,80
2019-10-08;40619,29
2019-10-09;40818,20
2019-10-10;42746,72
2019-10-11;42702,25
2019-10-15;42109,65
2019-10-16;41306,81
2019-10-17;43121,72
2019-10-18;43064,14
2019-10-21;43855,37
2019-10-22;44779,61
2019-10-23;44269,78
2019-10-24;45105,98
2019-10-25;46591,48
2019-10-28;44619,13
2019-10-29;43700,38
2019-10-30;45473,56
2019-10-31;47052,64
2019-11-01;48057,13
2019-11-04;50118,63
2019-11-05;49639,41
2019-11-06;47835,52
2019-11-07;48357,59
2019-11-08;46133,21
2019-11-11;45546,55
2019-11-12;45291,22
2019-11-13;43807,12
2019-11-14;41987,68
2019-11-15;43166,45
2019-11-19;43604,91
2019-11-20;45236,37
2019-11-21;45026,42
2019-11-22;45511,73
2019-11-25;45437,29
2019-11-26;43512,75
2019-11-27;46143,12
2019-11-28;46498,25
2019-11-29;46783,84
2019-12-02;45294,71
2019-12-03;44392,66
2019-12-04;47069,94
2019-12-05;48127,65
2019-12-06;49817,99
2019-12-09;49708,48
2019-12-10;47182,93
2019-12-11;47611,47
2019-12-12;48374,07
2019-12-13;50246,04
2019-12-16;51495,40
2019-12-17;50437,40
2019-12-18;51375,05
2019-12-19;51995,81
2019-12-20;52857,22
2019-12-23;54648,23
2019-12-26;58157,97
2019-12-27;57072,74
2019-12-30;57018,88
2020-01-02;56282,08
2020-01-03;55476,41
2020-01-06;56908,86
2020-01-07;56396,56
2020-01-08;56251,51
2020-01-09;57749,60
2020-01-10;58670,51
2020-01-13;57523,12
2020-01-14;56959,67
2020-01-15;56363,47
2020-01-16;57761,95
2020-01-17;57496,49
2020-01-20;58453,16
2020-01-21;56224,81
2020-01-22;56916,20
2020-01-23;55686,37
2020-01-24;54019,42
2020-01-27;53599,71
2020-01-28;55290,25
2020-01-29;54788,59
2020-01-30;54928,93
2020-01-31;54382,31
2020-02-03;56386,94
2020-02-04;55679,51
2020-02-05;55354,32
2020-02-06;55452,92
2020-02-07;55732,67
2020-02-10;55647,21
2020-02-11;54034,41
2020-02-12;54128,94
2020-02-13;52349,28
2020-02-14;52533,03
2020-02-17;53218,91
2020-02-18;51789,68
2020-02-19;52120,11
2020-02-20;52863,48
2020-02-21;52362,24
2020-02-26;49068,57
2020-02-27;47607,24
2020-02-28;46917,70
2020-03-02;48611,99
2020-03-03;48246,68
2020-03-04;49796,70
2020-03-05;49033,92
2020-03-06;46893,55
2020-03-09;39875,93
2020-03-10;43141,22
2020-03-11;41101,26
2020-03-12;36973,87
2020-03-13;37124,06
2020-03-16;33119,93
2020-03-17;33212,06
2020-03-18;28112,58
2020-03-19;29090,19
2020-03-20;30909,09
2020-03-25;34110,60
2020-03-26;32946,74
2020-03-27;31082,77
2020-03-30;31208,27
2020-04-01;32420,68
2020-04-02;33503,86
2020-04-03;34145,25
2020-04-06;34498,23
2020-04-07;34267,25
2020-04-08;36067,01
2020-04-13;37045,61
2020-04-14;39572,83
2020-04-15;41138,74
2020-04-16;38606,60
2020-04-17;38257,90
2020-04-20;39080,05
2020-04-21;38492,25
2020-04-22;38936,34
2020-04-23;38744,29
2020-04-24;37233,62
2020-04-27;38321,59
2020-04-28;42644,43
2020-04-29;42979,67
2020-04-30;42483,79
2020-05-04;41876,47
2020-05-05;43340,73
2020-05-06;44167,52
2020-05-07;46475,61
2020-05-08;47009,39
2020-05-11;50089,95
2020-05-12;51249,16
2020-05-13;49350,90
2020-05-14;51346,78
2020-05-15;51539,46
2020-05-18;52800,92
2020-05-19;51987,36
2020-05-20;52618,34
2020-05-21;54640,11
2020-05-22;54205,11
2020-05-26;54372,74
2020-05-27;53702,86
2020-05-28;51755,63
2020-05-29;49986,86
2020-06-01;52842,94
2020-06-02;55688,82
2020-06-03;58214,76
2020-06-04;57964,62
2020-06-05;59681,70
2020-06-08;64608,70
2020-06-09;61633,41
2020-06-10;61737,25
2020-06-11;56990,89
2020-06-12;57557,89
2020-06-16;56542,52
2020-06-17;53689,21
2020-06-18;50327,00
2020-06-19;54314,33
2020-06-22;53526,19
2020-06-23;54132,20
2020-06-24;53623,48
2020-06-25;55885,90
2020-06-26;53914,98
2020-06-29;53765,63
2020-06-30;51586,53
2020-07-01;53217,85
2020-07-02;52745,16
2020-07-03;53091,68
2020-07-06;58378,17
2020-07-07;57215,16
2020-07-08;57684,55
2020-07-13;58552,65
2020-07-14;59577,62
2020-07-15;61158,48
2020-07-16;61388,64
2020-07-17;61661,57
2020-07-20;61625,67
2020-07-21;63171,93
2020-07-22;65813,32
2020-07-23;65695,10
2020-07-24;65993,77
2020-07-27;67244,89
2020-07-28;66328,75
2020-07-29;66221,63
2020-07-30;66845,26
2020-07-31;66670,06
2020-08-03;71599,41
2020-08-04;71262,08
2020-08-05;69575,42
2020-08-06;69806,77
2020-08-07;71337,46
2020-08-10;70988,01
2020-08-11;69201,41
2020-08-12;66392,48
2020-08-13;67269,33
2020-08-14;65838,67
2020-08-18;63222,89
2020-08-19;64423,64
2020-08-20;64733,28
2020-08-21;64255,32
2020-08-24;63483,91
2020-08-25;63426,40
2020-08-26;62372,46
2020-08-27;60239,24
2020-08-28;63444,64
2020-08-31;64029,14
2020-09-01;63672,67
2020-09-02;61325,82
2020-09-03;61075,98
2020-09-04;61379,43
2020-09-07;62345,23
2020-09-08;62012,54
2020-09-09;63301,19
2020-09-10;63747,01
2020-09-11;62432,32
2020-09-14;60578,07
2020-09-15;60420,55
2020-09-16;56640,70
2020-09-17;53466,79
2020-09-18;55785,63
2020-09-21;54811,71
2020-09-22;54968,19
2020-09-23;54738,75
2020-09-24;56124,13
2020-09-25;56315,78
2020-09-28;56258,13
2020-09-29;56392,07
2020-09-30;55153,77
2020-10-01;57401,78
2020-10-02;58260,79
2020-10-05;58865,81
2020-10-06;58371,10
2020-10-07;58790,03
2020-10-08;60011,30
2020-10-09;60463,17
2020-10-13;60601,72
2020-10-14;62129,08
2020-10-15;63328,69
2020-10-16;64365,48
2020-10-19;64639,65
2020-10-20;65022,63
2020-10-21;65374,78
2020-10-22;67686,59
2020-10-23;68530,77
2020-10-26;64585,82
2020-10-27;61101,48
2020-10-28;56592,32
2020-10-29;58215,47
2020-10-30;57955,00
2020-11-02;61211,88
2020-11-03;62054,59
2020-11-04;60974,78
2020-11-05;63242,18
2020-11-06;63291,73
2020-11-09;65324,13
2020-11-10;68774,95
2020-11-11;68013,38
2020-11-12;65489,16
2020-11-13;66152,42
2020-11-16;67733,70
2020-11-17;68963,01
2020-11-18;68057,76
2020-11-19;67644,22
2020-11-20;68452,57
2020-11-24;72182,91
2020-11-25;71937,35
2020-11-26;72257,55
2020-11-27;73814,55
2020-11-30;72217,07
2020-12-01;72722,63
2020-12-02;73021,23
2020-12-03;72710,40
2020-12-04;72317,69
2020-12-09;68746,51
2020-12-10;71026,85
2020-12-11;70957,09
2020-12-14;70205,61
2020-12-15;70404,84
2020-12-16;70486,32
2020-12-17;70366,00
2020-12-18;69274,11
2020-12-21;66456,52
2020-12-22;66712,98
2020-12-23;68625,10
2020-12-28;67249,85
2020-12-29;68506,70
2020-12-30;68368,79
2021-01-04;67410,35
2021-01-05;68404,08
2021-01-06;68556,98
2021-01-07;69470,29
2021-01-08;68309,01
2021-01-11;67225,25
2021-01-12;67669,18
2021-01-13;67358,31
2021-01-14;67623,05
2021-01-15;66855,61
2021-01-18;66516,38
2021-01-19;66881,25
2021-01-20;66521,99
2021-01-21;64033,88
2021-01-22;64029,85
2021-01-25;62841,72
2021-01-26;65745,22
2021-01-27;66424,79
2021-01-28;66054,63
2021-01-29;64145,88
2021-02-01;65883,66
2021-02-02;65964,42
2021-02-03;66362,33
2021-02-04;67510,89
2021-02-05;68040,17
2021-02-08;69456,12
2021-02-09;69763,99
2021-02-10;69316,71
2021-02-11;68927,73
2021-02-12;68683,29
2021-02-17;70015,64
2021-02-18;69161,32
2021-02-19;67956,83
2021-02-22;65530,27
2021-02-23;63716,31
2021-02-24;66167,95
2021-02-25;65137,61
2021-02-26;64381,89
2021-03-01;65308,49
2021-03-02;64256,60
2021-03-03;63239,63
2021-03-04;63960,56
2021-03-05;63103,51
2021-03-08;61874,86
2021-03-09;62366,96
2021-03-10;63629,32
2021-03-11;64934,39
2021-03-12;65894,19
2021-03-15;67734,87
2021-03-16;66647,03
2021-03-17;67069,63
2021-03-18;65286,04
2021-03-19;65828,00
2021-03-22;65957,10
2021-03-23;65197,99
2021-03-25;62793,80
2021-03-26;62252,20
2021-03-29;63097,93
2021-03-30;64182,01
2021-03-31;63946,01
2021-04-05;64741,35
2021-04-06;67052,31
2021-04-07;66679,33
2021-04-08;66090,49
2021-04-09;65079,62
2021-04-12;64051,65
2021-04-13;63531,86
2021-04-14;63049,04
2021-04-15;62712,90
2021-04-16;63566,88
2021-04-19;64047,96
2021-04-20;62510,35
2021-04-21;63459,70
2021-04-22;62753,29
2021-04-23;62866,65
2021-04-26;63717,27
2021-04-27;65294,05
2021-04-28;66700,33
2021-04-29;66708,17
2021-04-30;65335,74
2021-05-03;65081,04
2021-05-04;64710,54
2021-05-05;65418,26
2021-05-06;65727,87
2021-05-07;68590,78
2021-05-10;69087,78
2021-05-11;68085,12
2021-05-12;68025,92
2021-05-13;70294,47
2021-05-14;73311,62
2021-05-17;75233,08
2021-05-18;75202,19
2021-05-19;74992,92
2021-05-20;76558,12
2021-05-21;75331,88
2021-05-26;75847,45
2021-05-27;77200,46
2021-05-28;79545,62
2021-05-31;79530,29
2021-06-01;82157,03
2021-06-02;84101,04
2021-06-03;86336,96
2021-06-04;88903,42
2021-06-07;91929,05
2021-06-08;89338,07
2021-06-09;91752,02
2021-06-10;91798,73
2021-06-11;88773,90
2021-06-14;89628,84
2021-06-15;89917,62
2021-06-16;90831,18
2021-06-17;89064,57
2021-06-18;87272,84
2021-06-22;88366,13
2021-06-23;87936,82
2021-06-24;88570,96
2021-06-25;85869,97
2021-06-28;84231,80
2021-06-29;82725,13
2021-06-30;82203,15
2021-07-01;81799,14
2021-07-02;83348,18
2021-07-05;85310,11
2021-07-06;83166,00
2021-07-07;83210,59
2021-07-08;81852,88
2021-07-12;84688,14
2021-07-13;84856,95
2021-07-14;84239,72
2021-07-15;83363,24
2021-07-16;82712,48
2021-07-19;81550,86
2021-07-20;83206,95
2021-07-21;86302,46
2021-07-22;86055,90
2021-07-23;84830,37
2021-07-26;86014,92
2021-07-27;86058,80
2021-07-28;87045,13
2021-07-29;87762,44
2021-07-30;85773,64
2021-08-02;85591,46
2021-08-03;85874,10
2021-08-04;84685,14
2021-08-05;86083,21
2021-08-06;85871,13
2021-08-09;85873,16
2021-08-10;88708,87
2021-08-11;90696,17
2021-08-12;90278,16
2021-08-13;89875,81
2021-08-17;87817,55
2021-08-18;86595,82
2021-08-19;86183,09
2021-08-20;87743,15
2021-08-23;89775,15
2021-08-24;93670,77
2021-08-25;95081,15
2021-08-26;94705,47
2021-08-27;97019,84
2021-08-30;101705,25
2021-08-31;101525,31
2021-09-01;99619,06
2021-09-02;99221,06
2021-09-03;98471,27
2021-09-06;100105,86
2021-09-07;104718,72
2021-09-08;102611,45
2021-09-09;102209,52
2021-09-10;100593,62
2021-09-13;106649,80
2021-09-14;105105,89
2021-09-15;104247,56
2021-09-16;106121,13
2021-09-17;104698,87
2021-09-20;97922,88
2021-09-21;98219,76
2021-09-22;99707,70
2021-09-23;99722,91
2021-09-24;98849,24
2021-09-27;101040,18
2021-09-28;101081,19
2021-09-29;102287,21
2021-09-30;103223,12
2021-10-01;103526,84
2021-10-04;103540,33
2021-10-05;104280,85
2021-10-06;103322,68
2021-10-07;103514,97
2021-10-12;104076,09
2021-10-13;104635,58
2021-10-14;106852,43
2021-10-15;109396,29
2021-10-18;110425,77
2021-10-19;112333,80
2021-10-20;116362,79
2021-10-21;116021,38
2021-10-22;116077,66
2021-10-25;119281,36
2021-10-26;118669,14
2021-10-27;113825,47
2021-10-28;114767,76
2021-10-29;111191,64
2021-11-01;116310,66
2021-11-02;118800,62
2021-11-03;122334,99
2021-11-04;120657,82
2021-11-05;122486,44
2021-11-08;126864,75
2021-11-09;125164,71
2021-11-10;126064,14
2021-11-11;127166,14
2021-11-12;125547,46
2021-11-15;122779,31
2021-11-16;118019,61
2021-11-17;115263,73
2021-11-18;118105,07
2021-11-19;112922,82
2021-11-23;110133,65
2021-11-24;109847,14
2021-11-25;111808,43
2021-11-26;105703,23
2021-11-29;104043,82
2021-11-30;104570,59
2021-12-01;112755,94
2021-12-02;115650,10
2021-12-03;114070,92
2021-12-06;116492,53
2021-12-07;117861,11
2021-12-09;114074,96
2021-12-10;112399,72
2021-12-13;107746,00
2021-12-14;108019,24
2021-12-15;106233,18
2021-12-16;109083,81
2021-12-17;109407,02
2021-12-20;107863,79
2021-12-21;111041,19
2021-12-22;110104,07
2021-12-23;111634,37
2021-12-27;111261,79
2021-12-28;108740,63
2021-12-29;110396,15
2021-12-30;109759,57
2022-01-03;112737,06
2022-01-04;112079,56
2022-01-05;109929,71
2022-01-06;110101,99
2022-01-07;111080,48
2022-01-10;110151,42
2022-01-11;111628,55
2022-01-12;112285,56
2022-01-13;112744,20
2022-01-14;112894,72
2022-01-17;112316,38
2022-01-18;109916,31
2022-01-19;110215,28
2022-01-20;112599,74
2022-01-21;110314,01
2022-01-24;106996,52
2022-01-25;112695,87
2022-01-26;113525,90
2022-01-27;113599,48
2022-01-28;117013,82
2022-01-31;120984,51
2022-02-01;121617,81
2022-02-02;118968,89
2022-02-03;116759,62
2022-02-04;116327,98
2022-02-07;118008,17
2022-02-08;116248,07
2022-02-09;115147,20
2022-02-10;115493,37
2022-02-11;116484,73
2022-02-14;115529,50
2022-02-15;115911,09
2022-02-16;119447,65
2022-02-17;118281,88
2022-02-18;117804,49
2022-02-21;118782,67
2022-02-22;119749,03
2022-02-23;121102,28
2022-02-24;117449,74
2022-02-25;116202,76
2022-03-02;119438,20
2022-03-03;121544,95
2022-03-04;118229,53
2022-03-07;115923,69
2022-03-08;116417,14
2022-03-09;115477,74
2022-03-10;119704,52
2022-03-11;117597,47
2022-03-14;111952,61
2022-03-15;110924,26
2022-03-16;115337,68
2022-03-17;118120,30
2022-03-18;117325,65
2022-03-21;118923,82
2022-03-22;119427,02
2022-03-23;119451,87
2022-03-25;123501,28
2022-03-28;121634,67
2022-03-29;119368,42
2022-03-30;120811,52
2022-03-31;120829,98
2022-04-01;122767,18
2022-04-04;123803,38
2022-04-05;121612,09
2022-04-06;120503,72
2022-04-07;121165,18
2022-04-08;122202,61
2022-04-11;120086,58
2022-04-12;119641,89
2022-04-13;120619,15
2022-04-19;122201,34
2022-04-20;123016,12
2022-04-21;121489,50
2022-04-22;121516,80
2022-04-25;121190,98
2022-04-26;118913,00
2022-04-27;119339,30
2022-04-28;119675,26
2022-04-29;116657,26
2022-05-02;115815,23
2022-05-03;118603,41
2022-05-04;118364,79
2022-05-05;114478,99
2022-05-06;114613,38
2022-05-09;108886,15
2022-05-10;110789,88
2022-05-11;113757,27
2022-05-12;113706,17
2022-05-13;118335,80
2022-05-16;120117,65
2022-05-17;121257,88
2022-05-19;118367,43
2022-05-20;117680,03
2022-05-23;120689,11
2022-05-24;122197,14
2022-05-26;125535,92
2022-05-27;125261,93
2022-05-30;124801,38
2022-05-31;123366,39
2022-06-01;122008,29
2022-06-02;122097,40
2022-06-03;122466,91
2022-06-06;120455,17
2022-06-07;121161,52
2022-06-08;119600,80
2022-06-09;118015,56
2022-06-10;118462,88
2022-06-13;117086,74
2022-06-14;116472,83
2022-06-15;117832,17
2022-06-16;115974,22
2022-06-21;115340,43
2022-06-22;114205,35
2022-06-23;110703,57
2022-06-24;109864,36
2022-06-27;114242,97
2022-06-28;117612,21
2022-06-29;117294,16
2022-06-30;117331,13
2022-07-01;119692,46
2022-07-04;118061,13
2022-07-05;123297,15
2022-07-06;126156,35
2022-07-07;135141,93
2022-07-08;139798,41
2022-07-11;137905,30
2022-07-12;136178,22
2022-07-13;135110,06
2022-07-14;132593,33
2022-07-15;137375,10
2022-07-18;139547,93
2022-07-19;141873,69
2022-07-20;141124,43
2022-07-21;147979,05
2022-07-22;149789,54
2022-07-25;157482,40
2022-07-26;158311,90
2022-07-27;166675,98
2022-07-28;168821,97
2022-07-29;162584,48
2022-08-01;156276,92
2022-08-02;158193,56
2022-08-03;160595,67
2022-08-04;160513,01
2022-08-05;161016,07
2022-08-08;165389,31
2022-08-09;162540,76
2022-08-10;162181,45
2022-08-11;163922,52
2022-08-12;167932,02
2022-08-16;166581,54
2022-08-17;168337,64
2022-08-18;176035,21
2022-08-19;175101,67
2022-08-22;176511,73
2022-08-23;183522,38
2022-08-24;188033,46
2022-08-25;191696,16
2022-08-26;189913,85
2022-08-29;192635,90
2022-08-30;188678,51
2022-08-31;182329,82
2022-09-01;182224,21
2022-09-05;185560,37
2022-09-06;184421,20
2022-09-07;190105,56
2022-09-08;190748,17
2022-09-09;195593,05
2022-09-12;195663,51
2022-09-13;192674,51
2022-09-14;198238,13
2022-09-15;195888,58
2022-09-16;197542,45
2022-09-19;204653,44
2022-09-20;201494,58
2022-09-21;199877,74
2022-09-22;203089,39
2022-09-23;193032,06
2022-09-26;186102,28
2022-09-27;182305,29
2022-09-28;185990,82
2022-09-29;185786,71
2022-09-30;187282,08
2022-10-03;196497,34
2022-10-04;196708,98
2022-10-05;199840,61
2022-10-06;196691,69
2022-10-11;185831,66
2022-10-12;184527,79
2022-10-13;191143,31
2022-10-14;186262,20
2022-10-17;188717,30
2022-10-18;186749,21
2022-10-19;185497,31
2022-10-20;185145,96
2022-10-21;189124,32
2022-10-24;189800,89
2022-10-25;195877,06
2022-10-26;197268,83
2022-10-27;201338,76
2022-10-28;200386,43
2022-10-31;203168,96
2022-11-01;208132,95
2022-11-02;202902,21
2022-11-03;204788,88
2022-11-04;206088,97
2022-11-07;201106,57
2022-11-08;200619,34
2022-11-09;193055,64
2022-11-10;195313,37
2022-11-11;203279,77
2022-11-14;207069,91
2022-11-15;210870,86
2022-11-16;208759,31
2022-11-17;210567,66
2022-11-18;212764,85
2022-11-22;213977,67
2022-11-23;214765,84
2022-11-24;218066,41
2022-11-25;222301,02
2022-11-28;223065,41
2022-11-29;228846,61
2022-11-30;229328,29
2022-12-01;231995,44
2022-12-02;230995,52
2022-12-05;223427,78
2022-12-06;228738,68
2022-12-07;232820,88
2022-12-12;225843,12
2022-12-13;224305,58
2022-12-14;222263,22
2022-12-15;223031,28
2022-12-16;223722,01
2022-12-19;229909,25
2022-12-20;235062,94
2022-12-21;245642,34
2022-12-22;249516,45
2022-12-23;256520,64
2022-12-26;262613,15
2022-12-27;265782,01
2022-12-28;275744,01
2022-12-29;271486,16
2022-12-30;275218,11
2023-01-02;282562,29
2023-01-03;270134,46
2023-01-04;273466,93
2023-01-05;285951,48
2023-01-06;291294,94
2023-01-09;293867,32
2023-01-10;293778,75
2023-01-11;306102,86
2023-01-12;319794,48
2023-01-13;331033,33
2023-01-16;342127,33
2023-01-17;357547,57
2023-01-18;322916,97
2023-01-19;323828,10
2023-01-20;341721,45
2023-01-23;344606,87
2023-01-24;346346,00
2023-01-25;357914,13
2023-01-26;360015,71
2023-01-27;349696,07
2023-01-30;337775,54
2023-01-31;349527,31
2023-02-01;345634,38
2023-02-02;342359,99
2023-02-03;329203,84
2023-02-06;335134,46
2023-02-07;339154,48
2023-02-08;343550,61
2023-02-09;340460,56
2023-02-10;343451,90
2023-02-13;354716,26
2023-02-14;356331,66
2023-02-15;352008,06
2023-02-16;355089,21
2023-02-17;343069,53
2023-02-22;337658,55
2023-02-23;342779,95
2023-02-24;343299,77
2023-02-27;346642,21
2023-02-28;342299,39
2023-03-01;345565,39
2023-03-02;335568,21
2023-03-03;339948,70
2023-03-06;351029,45
2023-03-07;341013,50
2023-03-08;347873,92
2023-03-09;343118,87
2023-03-10;327484,62
2023-03-13;311887,38
2023-03-14;305590,58
2023-03-15;290079,52
2023-03-16;308269,14
2023-03-17;304636,33
2023-03-20;303383,89
2023-03-21;315558,42
2023-03-22;309876,95
2023-03-23;301619,52
2023-03-27;321880,07
2023-03-28;333964,89
2023-03-29;343483,31
2023-03-30;347958,84
2023-03-31;339874,56
2023-04-03;353352,40
2023-04-04;348411,60
2023-04-05;350131,80
2023-04-10;356659,80
2023-04-11;361248,20
2023-04-12;370731,50
2023-04-13;375214,30
2023-04-14;382746,20
2023-04-17;390199,90
2023-04-18;394614,90
2023-04-19;381376,40
2023-04-20;389048,90
2023-04-21;400587,70
2023-04-24;412717,70
2023-04-25;416662,30
2023-04-26;417177,80
2023-04-27;406354,50
2023-04-28;407430,90
2023-05-02;403267,20
2023-05-03;391511,50
2023-05-04;384306,50
2023-05-05;408347,60
2023-05-08;417149,90
2023-05-09;421507,10
2023-05-11;430234,50
2023-05-12;440819,10
2023-05-15;438664,80
2023-05-16;433929,70
2023-05-17;446769,20
2023-05-18;450489,10
2023-05-19;458379,20
2023-05-22;457350,00
2023-05-24;464321,00
2023-05-29;471041,30
2023-05-30;466804,50
2023-05-31;463807,20
2023-06-01;481558,10
2023-06-02;481952,80
2023-06-05;492451,20
2023-06-06;519568,20
2023-06-07;521330,50
2023-06-08;522857,70
2023-06-09;522720,60
2023-06-12;522274,80
2023-06-13;521921,90
2023-06-14;518967,70
2023-06-15;540189,90
2023-06-16;568832,00
2023-06-21;600662,70
2023-06-22;578719,30
2023-06-23;587244,40
2023-06-26;604991,80
2023-06-27;582438,50
2023-06-28;572504,80
2023-06-29;582911,20
2023-06-30;597259,80
2023-07-03;610002,80
2023-07-04;617425,60
2023-07-05;610229,20
2023-07-06;581886,30
2023-07-07;591170,75
2023-07-10;586978,67
2023-07-11;588967,24
2023-07-12;602070,45
2023-07-13;629337,12
2023-07-14;618945,47
2023-07-17;638464,61
2023-07-18;638903,11
2023-07-19;632466,63
2023-07-20;639093,69
2023-07-21;658163,96
2023-07-24;650307,29
2023-07-25;657810,97
2023-07-26;658273,69
2023-07-27;625908,07
2023-07-28;637231,98
2023-07-31;637186,78
2023-08-01;631631,53
2023-08-02;620581,33
2023-08-03;616902,30
2023-08-04;631522,28
2023-08-07;633102,17
2023-08-08;651657,08
2023-08-09;645916,30
2023-08-10;660174,09
2023-08-11;671927,55
2023-08-14;695122,76
2023-08-15;740097,42
2023-08-16;790125,45
2023-08-17;817395,09
2023-08-18;818527,72
2023-08-22;831865,47
2023-08-23;860970,48
2023-08-24;859127,71
2023-08-25;881696,05
2023-08-28;930351,66
2023-08-29;955638,62
2023-08-30;941958,29
2023-08-31;910982,39
2023-09-01;884801,28
2023-09-04;882196,64
2023-09-05;834278,40
2023-09-06;814828,39
2023-09-07;764259,10
2023-09-08;741520,14
2023-09-11;715930,13
2023-09-12;750428,13
2023-09-13;771170,78
2023-09-14;795093,23
2023-09-15;786287,54
2023-09-18;810860,75
2023-09-19;799070,65
2023-09-20;779590,23
2023-09-21;771395,49
2023-09-22;769687,18
2023-09-25;761738,48
2023-09-26;754524,79
2023-09-27;775786,96
2023-09-28;808444,23
2023-09-29;780723,03
2023-10-02;773731,33
2023-10-03;778504,31
2023-10-04;822326,31
2023-10-05;845513,38
2023-10-06;861644,97
2023-10-09;88673,98
2023-10-10;95713,05
2023-10-11;98035,60
2023-10-12;103428,50
2023-10-17;112335,74
2023-10-18;109159,04
2023-10-19;104268,34
2023-10-20;109376,75
2023-10-23;96536,85
2023-10-24;89743,15
2023-10-25;93755,51
2023-10-26;91812,72
2023-10-27;88993,47
2023-10-30;80619,39
2023-10-31;79130,32
2023-11-01;84568,38
2023-11-02;89168,11
2023-11-03;86822,77
2023-11-07;82992,77
2023-11-08;79525,61
2023-11-09;84189,63
2023-11-10;89047,08
2023-11-13;85908,11
2023-11-14;85954,04
2023-11-15;85408,33
2023-11-16;81903,75
2023-11-17;88018,27
2023-11-21;109536,59
2023-11-22;115984,62
2023-11-23;122108,31
2023-11-24;129029,03
2023-11-27;118535,23
2023-11-28;108525,69
2023-11-29;110443,98
2023-11-30;113411,51
2023-12-01;121205,73
2023-12-04;117496,56
2023-12-05;123836,00
2023-12-06;124566,41
2023-12-07;131061,21
2023-12-11;136487,27
2023-12-12;141447,51
2023-12-13;140916,07
2023-12-14;139117,91
2023-12-15;130532,02
2023-12-18;129965,73
2023-12-19;128593,51
2023-12-20;129287,34
2023-12-21;132334,68
2023-12-22;133040,29
2023-12-26;128322,57
2023-12-27;122577,57
2023-12-28;126759,24
2023-12-29;130409,01
2024-01-02;130768,34
2024-01-03;136900,40
2024-01-04;141174,88
2024-01-05;147632,14
2024-01-08;154842,66
2024-01-09;148376,24
2024-01-10;149534,84
2024-01-11;146106,38
2024-01-12;144786,48
2024-01-15;145885,43
2024-01-16;147940,50
2024-01-17;157385,66
2024-01-18;158917,88
2024-01-19;165108,82
2024-01-22;171334,49
2024-01-23;168896,41
2024-01-24;175114,95
2024-01-25;179983,49
2024-01-26;175602,92
2024-01-29;175555,62
2024-01-30;177604,51
2024-01-31;176514,23
2024-02-01;182476,95
2024-02-02;184078,29
2024-02-05;175799,96
2024-02-06;169517,30
2024-02-07;160856,64
2024-02-08;155911,05
2024-02-09;157884,48
2024-02-14;154588,34
2024-02-15;152933,86
2024-02-16;148610,47
2024-02-19;149559,35
2024-02-20;148109,74
2024-02-21;145931,83
2024-02-22;151384,17
2024-02-23;155353,00
2024-02-26;151262,18
2024-02-27;144958,90
2024-02-28;140092,66
2024-02-29;142140,00
2024-03-01;147703,02
2024-03-04;146830,19
2024-03-05;139282,01
2024-03-06;139879,43
2024-03-07;138644,59
2024-03-08;139765,88
2024-03-11;133598,93
2024-03-12;143316,04
2024-03-13;145971,71
2024-03-14;144677,37
2024-03-15;148986,65
2024-03-18;157229,21
2024-03-19;157326,29
2024-03-20;165281,25
2024-03-21;170712,45
2024-03-22;171186,47
2024-03-25;169058,01
2024-03-26;169108,37
2024-03-27;169139,43
2024-04-03;169856,42
2024-04-04;165661,79
2024-04-05;170667,47
2024-04-08;172512,81
2024-04-09;175102,03
2024-04-10;172602,74
2024-04-11;175858,29
2024-04-12;173491,80
2024-04-15;166828,83
2024-04-16;167701,98
2024-04-17;163528,67
2024-04-18;163549,71
2024-04-19;165594,01
2024-04-22;177176,60
2024-04-23;173961,90
2024-04-24;167818,30
2024-04-25;173578,79
2024-04-26;178857,13
2024-04-29;183193,72
2024-04-30;186077,62
2024-05-02;192801,63
2024-05-03;203977,06
2024-05-06;210291,05
2024-05-07;205666,64
2024-05-08;203720,61
2024-05-09;201717,30
2024-05-10;198191,97
2024-05-13;194170,42
2024-05-14;199159,46
2024-05-15;208788,14
2024-05-16;209085,03
2024-05-17;207638,82
2024-05-20;216690,26
2024-05-21;223347,70
2024-05-22;220137,35
2024-05-23;213408,30
2024-05-24;213752,95
2024-05-27;221580,21
2024-05-28;221722,85
2024-05-29;221172,08
2024-05-30;232333,11
2024-05-31;232971,01
2024-06-03;233786,61
2024-06-04;222528,51
2024-06-05;221424,17
2024-06-06;212492,45
2024-06-07;214153,20
2024-06-10;222765,72
2024-06-11;218134,22
2024-06-12;221443,15
2024-06-13;226720,98
2024-06-14;223229,34
2024-06-18;219923,98
2024-06-19;223040,45
2024-06-24;221000,56
2024-06-25;222446,07
2024-06-26;222378,31
2024-06-27;230679,97
2024-06-28;226676,77
2024-07-01;223667,62
2024-07-02;229444,93
2024-07-03;225212,57
2024-07-04;226383,58
2024-07-05;228190,45
2024-07-08;230320,99
2024-07-10;236872,42
2024-07-11;239573,72
2024-07-12;241040,47
2024-07-15;211532,61
2024-07-16;213607,75
2024-07-17;211903,99
2024-07-18;212667,63
2024-07-19;218989,87
2024-07-22;221799,61
2024-07-23;228388,85
2024-07-24;220878,14
2024-07-25;215033,72
2024-07-26;215521,32
2024-07-29;206803,99
2024-07-30;197206,50
2024-07-31;211154,16
2024-08-01;209913,85
2024-08-02;200515,36
2024-08-05;199603,36
2024-08-06;205242,57
2024-08-07;205123,32
2024-08-08;216331,13
2024-08-09;224245,61
2024-08-12;225327,92
2024-08-13;225239,56
2024-08-14;227283,35
2024-08-15;232448,21
2024-08-16;233306,08
2024-08-19;234587,53
2024-08-20;235181,32
2024-08-21;229633,02
2024-08-22;223315,82
2024-08-23;228043,68
2024-08-26;226164,58
2024-08-27;229963,05
2024-08-28;230434,92
2024-08-29;237240,00
2024-08-30;246303,60
2024-09-02;251988,45
2024-09-03;249093,02
2024-09-04;258065,21
2024-09-05;253628,14
2024-09-06;246924,67
2024-09-09;249033,71
2024-09-10;245249,29
2024-09-11;252243,48
2024-09-12;256036,94
2024-09-13;260465,97
2024-09-16;259437,42
2024-09-17;259716,97
2024-09-18;260105,95
2024-09-19;264318,42
2024-09-20;260777,99
2024-09-23;255947,67
2024-09-24;253247,25
2024-09-25;248684,78
2024-09-26;244686,35
2024-09-27;246020,01
2024-09-30;241801,44
2024-10-01;246162,96
2024-10-02;243817,96
2024-10-03;250014,51
2024-10-04;250099,43
2024-10-07;243945,70
2024-10-08;246687,27
2024-10-09;253710,97
2024-10-10;255715,83
2024-10-14;259888,26
2024-10-15;261505,94
2024-10-16;255335,53
2024-10-17;259124,81
2024-10-18;262861,46
2024-10-21;262819,83
2024-10-22;261506,14
2024-10-23;256557,43
2024-10-24;267788,67
2024-10-25;270705,77
2024-10-28;267657,41
2024-10-29;266331,41
2024-10-30;264766,41
2024-10-31;266203,68
2024-11-01;270867,43
2024-11-04;277103,48
2024-11-05;278442,62
2024-11-06;285315,78
2024-11-07;290774,42
2024-11-08;283485,98
2024-11-11;287018,66
2024-11-12;290979,45
2024-11-13;295309,34
2024-11-14;301359,47
2024-11-15;297866,23
2024-11-19;306793,84
2024-11-20;310204,52
2024-11-21;309402,77
2024-11-22;319183,13
2024-11-25;319261,53
2024-11-26;324263,47
2024-11-27;317519,80
2024-11-28;321422,25
2024-11-29;325191,82
2024-12-02;330966,76
2024-12-03;331607,73
2024-12-04;318472,54
2024-12-05;318428,62
2024-12-06;317693,57
2024-12-09;321560,29
2024-12-10;318241,38
2024-12-11;332322,62
2024-12-12;335055,26
2024-12-13;344971,81
2024-12-16;370317,83
2024-12-17;378135,87
2024-12-18;367358,37
2024-12-19;352096,56
2024-12-20;359660,50
2024-12-23;363961,29
2024-12-24;371274,57
2024-12-26;377490,63
2024-12-27;374380,43
2024-12-30;368562,74
2025-01-02;392712,88
2025-01-03;396870,97
2025-01-06;407399,59
2025-01-07;411347,02
2025-01-08;404895,27
2025-01-09;411906,52
2025-01-10;407893,95
2025-01-13;386177,64
2025-01-14;397730,04
2025-01-15;394195,18
2025-01-16;383565,37
2025-01-17;365974,83
2025-01-20;369495,15
2025-01-21;381639,03
2025-01-22;390359,77
2025-01-23;381507,95
2025-01-24;372439,82
2025-01-27;353421,39
2025-01-28;353267,92
2025-01-29;369558,12
2025-01-30;377237,95
2025-01-31;372211,93
2025-02-03;360471,23
2025-02-04;366564,40
2025-02-05;359947,27
2025-02-06;363768,46
2025-02-07;351029,85
2025-02-10;347303,68
2025-02-11;330264,48
2025-02-12;332030,96
2025-02-13;341934,30
2025-02-14;346514,06
2025-02-17;326969,89
2025-02-18;347780,06
2025-02-19;348911,76
2025-02-20;350594,80
2025-02-21;343582,43
2025-02-24;340478,42
2025-02-25;331015,43
2025-02-26;330681,46
2025-02-27;319128,06
2025-02-28;320984,26
2025-03-05;332406,60
2025-03-06;329259,31
2025-03-07;327945,99
2025-03-10;309560,14
2025-03-11;312893,17
2025-03-12;330476,17
2025-03-13;324862,84
2025-03-14;340441,34
2025-03-17;341945,80
2025-03-18;332752,36
2025-03-19;348419,99
2025-03-20;344050,23
2025-03-21;354774,29
2025-03-25;363198,19
2025-03-26;356248,07
2025-03-27;351918,36
2025-03-28;346811,86
2025-03-31;340636,55
2025-04-01;343682,75
2025-04-03;331403,43
2025-04-04;305708,94
2025-04-07;293432,53
2025-04-08;288490,20
2025-04-09;315319,65
2025-04-10;305380,52
2025-04-11;325716,68
2025-04-14;344135,28
2025-04-15;332439,87
2025-04-16;317122,04
2025-04-21;298759,31
2025-04-22;316298,51
2025-04-23;326895,97
2025-04-24;326180,77
2025-04-25;325256,42
2025-04-28;318232,04
2025-04-29;314837,71
2025-04-30;306545,46
2025-05-05;300163,48
2025-05-06;310832,39
2025-05-07;300269,82
2025-05-08;300902,11
2025-05-09;309495,90
2025-05-12;328356,69
2025-05-13;335888,01
2025-05-14;338094,25
2025-05-15;337875,67
2025-05-16;340699,09
2025-05-19;348158,69
2025-05-20;348821,16
2025-05-21;340001,03
2025-05-22;339252,71
2025-05-23;343840,23
2025-05-26;347267,77
2025-05-27;344955,18
2025-05-28;344070,46
2025-05-29;338712,80
2025-05-30;334369,16
2025-06-02;323973,93
2025-06-03;327299,13
2025-06-04;312441,25
2025-06-05;312583,67
2025-06-06;317268,73
2025-06-09;310883,36
2025-06-10;325340,16
2025-06-11;321433,66
2025-06-12;323511,00
2025-06-13;315885,78
2025-06-17;307809,47
2025-06-18;304719,81
2025-06-19;306557,89
2025-06-23;293223,98
2025-06-24;305145,38
2025-06-25;298683,58
2025-06-26;300915,09
2025-06-27;301119,83
2025-06-30;293490,68
2025-07-01;298651,87
2025-07-02;303516,06
2025-07-03;306078,55
2025-07-04;306315,55
2025-07-07;302026,99
2025-07-08;314891,40
2025-07-10;305338,97
2025-07-11;296252,02
2025-07-14;304511,87
2025-07-15;306049,39
2025-07-16;298682,75
2025-07-17;304294,99
2025-07-18;305713,66
2025-07-21;300825,75
2025-07-22;296171,62
2025-07-23;307915,12
2025-07-24;315426,59
2025-07-25;324676,55
2025-07-28;327055,78
2025-07-29;340544,94
2025-07-30;340906,42
2025-07-31;343321,68
2025-08-01;337688,42
2025-08-04;338671,38
2025-08-05;347997,50
2025-08-06;358039,23
2025-08-07;348206,17
2025-08-08;340262,74
2025-08-11;340386,93
2025-08-12;341367,01
2025-08-13;338210,99
2025-08-14;323503,65
2025-08-18;325519,28
2025-08-19;309616,01
2025-08-20;307829,65
2025-08-21;311533,72
2025-08-22;312194,07
2025-08-25;299476,94
2025-08-26;301846,82
2025-08-27;293440,58
2025-08-28;296535,78
2025-08-29;294520,83
2025-09-01;288085,01
2025-09-02;294203,79
2025-09-03;288172,19
2025-09-04;297571,91
2025-09-05;298855,53
2025-09-08;256793,54
2025-09-09;256497,50
2025-09-10;271657,53
2025-09-11;268576,72
2025-09-12;261997,19
2025-09-15;259930,40
2025-09-16;266167,94
2025-09-17;265017,02
2025-09-18;251380,55
2025-09-19;248654,50
2025-09-22;267903,31
2025-09-23;268088,46
2025-09-24;271620,04
2025-09-25;260392,86
2025-09-26;262903,81
2025-09-29;262900,40
2025-09-30;259813,76
2025-10-01;258116,90
2025-10-02;264314,55
2025-10-03;263912,48
2025-10-06;264179,57
2025-10-07;263216,62
2025-10-08;266682,44
2025-10-09;282117,75
2025-10-13;287404,61
2025-10-14;276379,52
2025-10-15;280251,33
2025-10-16;282634,21
2025-10-17;291117,05
2025-10-20;289096,27
2025-10-21;292946,89
2025-10-22;295985,06
2025-10-23;302032,13
2025-10-24;305476,33
2025-10-27;371318,92
2025-10-28;391926,05
2025-10-29;409814,65
2025-10-30;408953,78
2025-10-31;439537,95
2025-11-03;454103,66
2025-11-04;450046,85
2025-11-05;445372,13
2025-11-06;435463,41
2025-11-07;419707,76
2025-11-10;431788,59
2025-11-11;432620,62
2025-11-12;436108,11
2025-11-13;421291,58
2025-11-14;437247,54
2025-11-17;427042,16
2025-11-18;428240,63
2025-11-19;418841,52
2025-11-20;416242,07
2025-11-21;403019,45
2025-11-25;417990,36
2025-11-26;434821,14
2025-11-27;439234,97
2025-11-28;439913,52
2025-12-01;444043,08
2025-12-02;441306,30
2025-12-03;453443,36
2025-12-04;448568,99
2025-12-05;441121,15
2025-12-09;432698,38
2025-12-10;436660,57
2025-12-11;431416,18
2025-12-12;430775,88
2025-12-15;436001,65
2025-12-16;439578,61
2025-12-17;441660,59
2025-12-18;459945,28
2025-12-19;457363,70
2025-12-22;456578,18
2025-12-23;453650,87
2025-12-24;454822,04
2025-12-26;453655,65
2025-12-29;452257,18
2025-12-30;444527,18
2026-01-02;455340,53
2026-01-05;455350,25
2026-01-06;452106,98
2026-01-07;437502,30
2026-01-08;446347,29
2026-01-09;448229,15
2026-01-12;446017,79
2026-01-13;440983,72
2026-01-14;429109,53
2026-01-15;425788,52
2026-01-16;426638,76
2026-01-19;423813,05
2026-01-20;428152,43
2026-01-21;443405,84
2026-01-22;444235,87
2026-01-23;448705,94
2026-01-26;454065,37
2026-01-27;470477,92
2026-01-28;469214,71
2026-01-29;466631,26
2026-01-30;465223,18
2026-02-02;451846,25
2026-02-03;442011,47
2026-02-04;440319,35
2026-02-05;428444,57
2026-02-06;434270,17
2026-02-09;433672,38
2026-02-10;446299,69
2026-02-11;440733,34
2026-02-12;416106,77
2026-02-13;410749,32
2026-02-18;397380,32
2026-02-19;414532,51
2026-02-20;419735,02
2026-02-23;404379,27
2026-02-24;411309,54
2026-02-25;409601,37
2026-02-26;402533,01
2026-02-27;384960,42
2026-03-02;380570,87
2026-03-03;380508,25
2026-03-04;377564,39
2026-03-05;377575,79
2026-03-06;386098,51
2026-03-09;386741,20
2026-03-10;395488,23
2026-03-11;406371,58
2026-03-12;395645,67
2026-03-13;388696,02
2026-03-16;383586,55
2026-03-17;391442,50
2026-03-18;396812,05
2026-03-19;408454,91
2026-03-20;402969,84
2026-03-25;414316,45
2026-03-26;410543,97
2026-03-27;415748,08
2026-03-30;426505,19
2026-03-31;442469,41
2026-04-01;441212,18
2026-04-06;441739,45
2026-04-07;437687,63
2026-04-08;441634,18
2026-04-09;439350,02
2026-04-10;439507,10
2026-04-13;439368,16
2026-04-14;432929,03
2026-04-15;427277,71
2026-04-16;428348,23
2026-04-17;422308,34
